{
  "ngDeps": {
    "1": "",
    "3": [
      {
        "1": "package:analyzer/analyzer.dart",
        "5": false
      },
      {
        "1": "package:angular2/src/transform/common/logging.dart",
        "5": false
      }
    ],
    "6": "deferred_import_validator.dart"
  },
  "type": {
    "checkDeferredImportInitialization": {
      "class": "Identifier",
      "name": "checkDeferredImportInitialization",
      "moduleUrl": "asset:angular2/lib/src/transform/directive_processor/deferred_import_validator.dart",
      "prefix": null,
      "value": null
    }
  },
  "alias": {}
}