{
  "ngDeps": {
    "1": "",
    "3": [
      {
        "1": "dart:async",
        "5": false
      },
      {
        "1": "package:analyzer/analyzer.dart",
        "5": false
      },
      {
        "1": "package:angular2/src/compiler/compile_metadata.dart",
        "2": [
          "CompileIdentifierMetadata"
        ],
        "5": false
      },
      {
        "1": "package:angular2/src/compiler/offline_compiler.dart",
        "5": false
      },
      {
        "1": "package:angular2/src/transform/common/annotation_matcher.dart",
        "5": false
      },
      {
        "1": "package:angular2/src/transform/common/asset_reader.dart",
        "5": false
      },
      {
        "1": "package:angular2/src/transform/common/code/ng_deps_code.dart",
        "5": false
      },
      {
        "1": "package:angular2/src/transform/common/interface_matcher.dart",
        "5": false
      },
      {
        "1": "package:angular2/src/transform/common/logging.dart",
        "5": false
      },
      {
        "1": "package:angular2/src/transform/common/ng_compiler.dart",
        "5": false
      },
      {
        "1": "package:angular2/src/transform/common/ng_meta.dart",
        "5": false
      },
      {
        "1": "package:angular2/src/transform/common/options.dart",
        "5": false
      },
      {
        "1": "package:angular2/src/transform/common/type_metadata_reader.dart",
        "5": false
      },
      {
        "1": "package:angular2/src/transform/common/url_resolver.dart",
        "5": false
      },
      {
        "1": "package:angular2/src/transform/common/zone.dart",
        "4": "zone",
        "5": false
      },
      {
        "1": "package:barback/barback.dart",
        "2": [
          "AssetId"
        ],
        "5": false
      },
      {
        "1": "deferred_import_validator.dart",
        "5": false
      },
      {
        "1": "inliner.dart",
        "5": false
      }
    ],
    "6": "rewriter.dart",
    "7": [
      {
        "1": "package:angular2/src/compiler/compile_metadata.template.dart",
        "4": "i0"
      },
      {
        "1": "package:angular2/src/compiler/offline_compiler.template.dart",
        "4": "i1"
      },
      {
        "1": "package:angular2/src/transform/common/annotation_matcher.template.dart",
        "4": "i2"
      },
      {
        "1": "package:angular2/src/transform/common/asset_reader.template.dart",
        "4": "i3"
      },
      {
        "1": "package:angular2/src/transform/common/code/ng_deps_code.template.dart",
        "4": "i4"
      },
      {
        "1": "package:angular2/src/transform/common/interface_matcher.template.dart",
        "4": "i5"
      },
      {
        "1": "package:angular2/src/transform/common/logging.template.dart",
        "4": "i6"
      },
      {
        "1": "package:angular2/src/transform/common/ng_compiler.template.dart",
        "4": "i7"
      },
      {
        "1": "package:angular2/src/transform/common/ng_meta.template.dart",
        "4": "i8"
      },
      {
        "1": "package:angular2/src/transform/common/options.template.dart",
        "4": "i9"
      },
      {
        "1": "package:angular2/src/transform/common/type_metadata_reader.template.dart",
        "4": "i10"
      },
      {
        "1": "package:angular2/src/transform/common/url_resolver.template.dart",
        "4": "i11"
      },
      {
        "1": "package:angular2/src/transform/common/zone.template.dart",
        "4": "i12"
      },
      {
        "1": "deferred_import_validator.template.dart",
        "4": "i13"
      },
      {
        "1": "inliner.template.dart",
        "4": "i14"
      }
    ]
  },
  "type": {
    "createNgMeta": {
      "class": "Identifier",
      "name": "createNgMeta",
      "moduleUrl": "asset:angular2/lib/src/transform/directive_processor/rewriter.dart",
      "prefix": null,
      "value": null
    },
    "_NgMetaVisitor": {
      "class": "Identifier",
      "name": "_NgMetaVisitor",
      "moduleUrl": "asset:angular2/lib/src/transform/directive_processor/rewriter.dart",
      "prefix": null,
      "value": null
    }
  },
  "alias": {}
}