{
  "ngDeps": {
    "1": "",
    "3": [
      {
        "1": "dart:js",
        "4": "js",
        "5": false
      },
      {
        "1": "wtf_impl.dart",
        "4": "impl",
        "5": false
      }
    ],
    "6": "wtf_init.dart",
    "7": [
      {
        "1": "wtf_impl.template.dart",
        "4": "i0"
      }
    ]
  },
  "type": {
    "wtfInit": {
      "class": "Identifier",
      "name": "wtfInit",
      "moduleUrl": "asset:angular2/lib/src/core/profile/wtf_init.dart",
      "prefix": null,
      "value": null
    }
  },
  "alias": {}
}