{
  "ngDeps": null,
  "type": {
    "WtfScopeFn": {
      "class": "Identifier",
      "name": "WtfScopeFn",
      "moduleUrl": "asset:angular2/lib/src/core/profile/wtf_impl.dart",
      "prefix": null,
      "value": null
    },
    "detectWTF": {
      "class": "Identifier",
      "name": "detectWTF",
      "moduleUrl": "asset:angular2/lib/src/core/profile/wtf_impl.dart",
      "prefix": null,
      "value": null
    },
    "getArgSize": {
      "class": "Identifier",
      "name": "getArgSize",
      "moduleUrl": "asset:angular2/lib/src/core/profile/wtf_impl.dart",
      "prefix": null,
      "value": null
    },
    "createScope": {
      "class": "Identifier",
      "name": "createScope",
      "moduleUrl": "asset:angular2/lib/src/core/profile/wtf_impl.dart",
      "prefix": null,
      "value": null
    },
    "leave": {
      "class": "Identifier",
      "name": "leave",
      "moduleUrl": "asset:angular2/lib/src/core/profile/wtf_impl.dart",
      "prefix": null,
      "value": null
    },
    "startTimeRange": {
      "class": "Identifier",
      "name": "startTimeRange",
      "moduleUrl": "asset:angular2/lib/src/core/profile/wtf_impl.dart",
      "prefix": null,
      "value": null
    },
    "endTimeRange": {
      "class": "Identifier",
      "name": "endTimeRange",
      "moduleUrl": "asset:angular2/lib/src/core/profile/wtf_impl.dart",
      "prefix": null,
      "value": null
    }
  },
  "alias": {}
}