{
  "ngDeps": {
    "1": "angular2.src.transform.common.model.proto_reflection_info_model",
    "3": [
      {
        "1": "package:protobuf/protobuf.dart",
        "5": false
      },
      {
        "1": "annotation_model.pb.dart",
        "5": false
      },
      {
        "1": "parameter_model.pb.dart",
        "5": false
      }
    ],
    "6": "reflection_info_model.pb.dart",
    "7": [
      {
        "1": "annotation_model.pb.template.dart",
        "4": "i0"
      },
      {
        "1": "parameter_model.pb.template.dart",
        "4": "i1"
      }
    ]
  },
  "type": {
    "PrefixedType$json": {
      "class": "Identifier",
      "name": "PrefixedType$json",
      "moduleUrl": "asset:angular2/lib/src/transform/common/model/reflection_info_model.pb.dart",
      "prefix": null,
      "value": null
    },
    "ReflectionInfoModel$json": {
      "class": "Identifier",
      "name": "ReflectionInfoModel$json",
      "moduleUrl": "asset:angular2/lib/src/transform/common/model/reflection_info_model.pb.dart",
      "prefix": null,
      "value": null
    },
    "PrefixedType": {
      "class": "Identifier",
      "name": "PrefixedType",
      "moduleUrl": "asset:angular2/lib/src/transform/common/model/reflection_info_model.pb.dart",
      "prefix": null,
      "value": null
    },
    "_ReadonlyPrefixedType": {
      "class": "Identifier",
      "name": "_ReadonlyPrefixedType",
      "moduleUrl": "asset:angular2/lib/src/transform/common/model/reflection_info_model.pb.dart",
      "prefix": null,
      "value": null
    },
    "ReflectionInfoModel": {
      "class": "Identifier",
      "name": "ReflectionInfoModel",
      "moduleUrl": "asset:angular2/lib/src/transform/common/model/reflection_info_model.pb.dart",
      "prefix": null,
      "value": null
    },
    "_ReadonlyReflectionInfoModel": {
      "class": "Identifier",
      "name": "_ReadonlyReflectionInfoModel",
      "moduleUrl": "asset:angular2/lib/src/transform/common/model/reflection_info_model.pb.dart",
      "prefix": null,
      "value": null
    }
  },
  "alias": {}
}