{
  "ngDeps": {
    "1": "",
    "3": [
      {
        "1": "dart:async",
        "5": false
      },
      {
        "1": "package:angular2/src/core/change_detection/change_detector_ref.dart",
        "5": false
      },
      {
        "1": "package:angular2/src/core/di.dart",
        "5": false
      },
      {
        "1": "package:angular2/src/core/linker/app_view_utils.dart",
        "5": false
      },
      {
        "1": "package:angular2/src/core/linker/component_factory.dart",
        "2": [
          "ComponentRef",
          "ComponentFactory"
        ],
        "5": false
      },
      {
        "1": "package:angular2/src/core/linker/component_resolver.dart",
        "5": false
      },
      {
        "1": "package:angular2/src/core/testability/testability.dart",
        "2": [
          "TestabilityRegistry",
          "Testability"
        ],
        "5": false
      },
      {
        "1": "package:angular2/src/core/zone/ng_zone.dart",
        "2": [
          "NgZone",
          "NgZoneError"
        ],
        "5": false
      },
      {
        "1": "package:angular2/src/facade/exceptions.dart",
        "2": [
          "BaseException",
          "ExceptionHandler"
        ],
        "5": false
      },
      {
        "1": "package:angular2/src/facade/lang.dart",
        "2": [
          "assertionsEnabled"
        ],
        "5": false
      },
      {
        "1": "application_tokens.dart",
        "2": [
          "PLATFORM_INITIALIZER",
          "APP_INITIALIZER"
        ],
        "5": false
      },
      {
        "1": "profile/profile.dart",
        "2": [
          "wtfLeave",
          "wtfCreateScope",
          "WtfScopeFn"
        ],
        "5": false
      }
    ],
    "5": [
      {
        "1": "PlatformRefImpl",
        "4": [
          {
            "1": "Injectable",
            "4": false
          }
        ]
      },
      {
        "1": "ApplicationRefImpl",
        "4": [
          {
            "1": "Injectable",
            "4": false
          }
        ],
        "5": [
          {
            "1": "PlatformRefImpl",
            "4": "_platform"
          },
          {
            "1": "NgZone",
            "4": "_zone"
          },
          {
            "1": "Injector",
            "4": "_injector"
          }
        ]
      }
    ],
    "6": "application_ref.dart"
  },
  "type": {
    "PLATFORM_CORE_PROVIDERS": {
      "class": "Identifier",
      "name": "PLATFORM_CORE_PROVIDERS",
      "moduleUrl": "asset:angular2/lib/src/core/application_ref.dart",
      "prefix": null,
      "value": [
        {
          "class": "Identifier",
          "name": "PlatformRefImpl",
          "moduleUrl": null,
          "prefix": null,
          "value": null
        },
        {
          "class": "Provider",
          "token": {
            "value": null,
            "identifier": {
              "class": "Identifier",
              "name": "PlatformRef",
              "moduleUrl": null,
              "prefix": null,
              "value": null
            },
            "identifierIsInstance": false
          },
          "useClass": null,
          "useExisting": {
            "value": null,
            "identifier": {
              "class": "Identifier",
              "name": "PlatformRefImpl",
              "moduleUrl": null,
              "prefix": null,
              "value": null
            },
            "identifierIsInstance": false
          },
          "useValue": null,
          "useFactory": null,
          "useProperty": null,
          "multi": false,
          "deps": null
        }
      ]
    },
    "APPLICATION_CORE_PROVIDERS": {
      "class": "Identifier",
      "name": "APPLICATION_CORE_PROVIDERS",
      "moduleUrl": "asset:angular2/lib/src/core/application_ref.dart",
      "prefix": null,
      "value": [
        {
          "class": "Provider",
          "token": {
            "value": null,
            "identifier": {
              "class": "Identifier",
              "name": "NgZone",
              "moduleUrl": null,
              "prefix": null,
              "value": null
            },
            "identifierIsInstance": false
          },
          "useClass": null,
          "useExisting": null,
          "useValue": null,
          "useFactory": {
            "class": "Factory",
            "name": "createNgZone",
            "prefix": null,
            "moduleUrl": null,
            "value": null,
            "diDeps": []
          },
          "useProperty": null,
          "multi": false,
          "deps": []
        },
        {
          "class": "Identifier",
          "name": "ApplicationRefImpl",
          "moduleUrl": null,
          "prefix": null,
          "value": null
        },
        {
          "class": "Provider",
          "token": {
            "value": null,
            "identifier": {
              "class": "Identifier",
              "name": "ApplicationRef",
              "moduleUrl": null,
              "prefix": null,
              "value": null
            },
            "identifierIsInstance": false
          },
          "useClass": null,
          "useExisting": {
            "value": null,
            "identifier": {
              "class": "Identifier",
              "name": "ApplicationRefImpl",
              "moduleUrl": null,
              "prefix": null,
              "value": null
            },
            "identifierIsInstance": false
          },
          "useValue": null,
          "useFactory": null,
          "useProperty": null,
          "multi": false,
          "deps": null
        }
      ]
    },
    "createNgZone": {
      "class": "Identifier",
      "name": "createNgZone",
      "moduleUrl": "asset:angular2/lib/src/core/application_ref.dart",
      "prefix": null,
      "value": null
    },
    "createPlatform": {
      "class": "Identifier",
      "name": "createPlatform",
      "moduleUrl": "asset:angular2/lib/src/core/application_ref.dart",
      "prefix": null,
      "value": null
    },
    "disposePlatform": {
      "class": "Identifier",
      "name": "disposePlatform",
      "moduleUrl": "asset:angular2/lib/src/core/application_ref.dart",
      "prefix": null,
      "value": null
    },
    "getPlatform": {
      "class": "Identifier",
      "name": "getPlatform",
      "moduleUrl": "asset:angular2/lib/src/core/application_ref.dart",
      "prefix": null,
      "value": null
    },
    "coreBootstrap": {
      "class": "Identifier",
      "name": "coreBootstrap",
      "moduleUrl": "asset:angular2/lib/src/core/application_ref.dart",
      "prefix": null,
      "value": null
    },
    "coreLoadAndBootstrap": {
      "class": "Identifier",
      "name": "coreLoadAndBootstrap",
      "moduleUrl": "asset:angular2/lib/src/core/application_ref.dart",
      "prefix": null,
      "value": null
    },
    "PlatformRef": {
      "class": "Identifier",
      "name": "PlatformRef",
      "moduleUrl": "asset:angular2/lib/src/core/application_ref.dart",
      "prefix": null,
      "value": null
    },
    "PlatformRefImpl": {
      "class": "Type",
      "name": "PlatformRefImpl",
      "moduleUrl": "asset:angular2/lib/src/core/application_ref.dart",
      "prefix": null,
      "isHost": false,
      "value": null,
      "diDeps": []
    },
    "ApplicationRef": {
      "class": "Identifier",
      "name": "ApplicationRef",
      "moduleUrl": "asset:angular2/lib/src/core/application_ref.dart",
      "prefix": null,
      "value": null
    },
    "ApplicationRefImpl": {
      "class": "Type",
      "name": "ApplicationRefImpl",
      "moduleUrl": "asset:angular2/lib/src/core/application_ref.dart",
      "prefix": null,
      "isHost": false,
      "value": null,
      "diDeps": [
        {
          "token": {
            "value": null,
            "identifier": {
              "class": "Identifier",
              "name": "PlatformRefImpl",
              "moduleUrl": null,
              "prefix": null,
              "value": null
            },
            "identifierIsInstance": false
          },
          "value": null,
          "isAttribute": false,
          "isSelf": false,
          "isHost": false,
          "isSkipSelf": false,
          "isOptional": false,
          "isValue": false
        },
        {
          "token": {
            "value": null,
            "identifier": {
              "class": "Identifier",
              "name": "NgZone",
              "moduleUrl": null,
              "prefix": null,
              "value": null
            },
            "identifierIsInstance": false
          },
          "value": null,
          "isAttribute": false,
          "isSelf": false,
          "isHost": false,
          "isSkipSelf": false,
          "isOptional": false,
          "isValue": false
        },
        {
          "token": {
            "value": null,
            "identifier": {
              "class": "Identifier",
              "name": "Injector",
              "moduleUrl": null,
              "prefix": null,
              "value": null
            },
            "identifierIsInstance": false
          },
          "value": null,
          "isAttribute": false,
          "isSelf": false,
          "isHost": false,
          "isSkipSelf": false,
          "isOptional": false,
          "isValue": false
        }
      ]
    }
  },
  "alias": {}
}