{
  "ngDeps": {
    "1": "",
    "3": [
      {
        "1": "package:angular2/src/core/di.dart",
        "2": [
          "Provider"
        ],
        "5": false
      },
      {
        "1": "application_ref.dart",
        "2": [
          "APPLICATION_CORE_PROVIDERS"
        ],
        "5": false
      },
      {
        "1": "application_tokens.dart",
        "2": [
          "APP_ID_RANDOM_PROVIDER"
        ],
        "5": false
      },
      {
        "1": "change_detection/change_detection.dart",
        "2": [
          "IterableDiffers",
          "defaultIterableDiffers",
          "KeyValueDiffers",
          "defaultKeyValueDiffers"
        ],
        "5": false
      },
      {
        "1": "linker/app_view_utils.dart",
        "2": [
          "AppViewUtils"
        ],
        "5": false
      },
      {
        "1": "linker/component_resolver.dart",
        "2": [
          "ComponentResolver"
        ],
        "5": false
      },
      {
        "1": "linker/component_resolver.dart",
        "2": [
          "ReflectorComponentResolver"
        ],
        "5": false
      },
      {
        "1": "linker/dynamic_component_loader.dart",
        "2": [
          "DynamicComponentLoader"
        ],
        "5": false
      },
      {
        "1": "linker/dynamic_component_loader.dart",
        "2": [
          "DynamicComponentLoaderImpl"
        ],
        "5": false
      }
    ],
    "6": "application_common_providers.dart",
    "7": [
      {
        "1": "package:angular2/src/core/di.template.dart",
        "4": "i0"
      },
      {
        "1": "application_ref.template.dart",
        "4": "i1"
      },
      {
        "1": "application_tokens.template.dart",
        "4": "i2"
      },
      {
        "1": "change_detection/change_detection.template.dart",
        "4": "i3"
      },
      {
        "1": "linker/app_view_utils.template.dart",
        "4": "i4"
      },
      {
        "1": "linker/component_resolver.template.dart",
        "4": "i5"
      },
      {
        "1": "linker/dynamic_component_loader.template.dart",
        "4": "i6"
      }
    ]
  },
  "type": {
    "APPLICATION_COMMON_PROVIDERS": {
      "class": "Identifier",
      "name": "APPLICATION_COMMON_PROVIDERS",
      "moduleUrl": "asset:angular2/lib/src/core/application_common_providers.dart",
      "prefix": null,
      "value": [
        {
          "class": "Provider",
          "token": {
            "value": null,
            "identifier": {
              "class": "Identifier",
              "name": "NgZone",
              "moduleUrl": "asset:angular2/lib/src/core/zone/ng_zone.dart",
              "prefix": null,
              "value": null
            },
            "identifierIsInstance": false
          },
          "useClass": null,
          "useExisting": null,
          "useValue": null,
          "useFactory": {
            "class": "Identifier",
            "name": "createNgZone",
            "moduleUrl": "asset:angular2/lib/src/core/application_ref.dart",
            "prefix": null,
            "value": null
          },
          "useProperty": null,
          "multi": false,
          "deps": []
        },
        {
          "class": "Provider",
          "token": {
            "value": null,
            "identifier": {
              "class": "Type",
              "name": "ApplicationRefImpl",
              "moduleUrl": "asset:angular2/lib/src/core/application_ref.dart",
              "prefix": null,
              "isHost": false,
              "value": null,
              "diDeps": [
                {
                  "token": {
                    "value": null,
                    "identifier": {
                      "class": "Identifier",
                      "name": "PlatformRefImpl",
                      "moduleUrl": "asset:angular2/lib/src/core/application_ref.dart",
                      "prefix": null,
                      "value": null
                    },
                    "identifierIsInstance": false
                  },
                  "value": null,
                  "isAttribute": false,
                  "isSelf": false,
                  "isHost": false,
                  "isSkipSelf": false,
                  "isOptional": false,
                  "isValue": false
                },
                {
                  "token": {
                    "value": null,
                    "identifier": {
                      "class": "Identifier",
                      "name": "NgZone",
                      "moduleUrl": "asset:angular2/lib/src/core/zone/ng_zone.dart",
                      "prefix": null,
                      "value": null
                    },
                    "identifierIsInstance": false
                  },
                  "value": null,
                  "isAttribute": false,
                  "isSelf": false,
                  "isHost": false,
                  "isSkipSelf": false,
                  "isOptional": false,
                  "isValue": false
                },
                {
                  "token": {
                    "value": null,
                    "identifier": {
                      "class": "Identifier",
                      "name": "Injector",
                      "moduleUrl": "asset:angular2/lib/src/core/di/injector.dart",
                      "prefix": null,
                      "value": null
                    },
                    "identifierIsInstance": false
                  },
                  "value": null,
                  "isAttribute": false,
                  "isSelf": false,
                  "isHost": false,
                  "isSkipSelf": false,
                  "isOptional": false,
                  "isValue": false
                }
              ]
            },
            "identifierIsInstance": false
          },
          "useClass": {
            "class": "Type",
            "name": "ApplicationRefImpl",
            "moduleUrl": "asset:angular2/lib/src/core/application_ref.dart",
            "prefix": null,
            "isHost": false,
            "value": null,
            "diDeps": [
              {
                "token": {
                  "value": null,
                  "identifier": {
                    "class": "Identifier",
                    "name": "PlatformRefImpl",
                    "moduleUrl": "asset:angular2/lib/src/core/application_ref.dart",
                    "prefix": null,
                    "value": null
                  },
                  "identifierIsInstance": false
                },
                "value": null,
                "isAttribute": false,
                "isSelf": false,
                "isHost": false,
                "isSkipSelf": false,
                "isOptional": false,
                "isValue": false
              },
              {
                "token": {
                  "value": null,
                  "identifier": {
                    "class": "Identifier",
                    "name": "NgZone",
                    "moduleUrl": "asset:angular2/lib/src/core/zone/ng_zone.dart",
                    "prefix": null,
                    "value": null
                  },
                  "identifierIsInstance": false
                },
                "value": null,
                "isAttribute": false,
                "isSelf": false,
                "isHost": false,
                "isSkipSelf": false,
                "isOptional": false,
                "isValue": false
              },
              {
                "token": {
                  "value": null,
                  "identifier": {
                    "class": "Identifier",
                    "name": "Injector",
                    "moduleUrl": "asset:angular2/lib/src/core/di/injector.dart",
                    "prefix": null,
                    "value": null
                  },
                  "identifierIsInstance": false
                },
                "value": null,
                "isAttribute": false,
                "isSelf": false,
                "isHost": false,
                "isSkipSelf": false,
                "isOptional": false,
                "isValue": false
              }
            ]
          },
          "useExisting": null,
          "useValue": null,
          "useFactory": null,
          "useProperty": null,
          "multi": false,
          "deps": null
        },
        {
          "class": "Provider",
          "token": {
            "value": null,
            "identifier": {
              "class": "Identifier",
              "name": "ApplicationRef",
              "moduleUrl": "asset:angular2/lib/src/core/application_ref.dart",
              "prefix": null,
              "value": null
            },
            "identifierIsInstance": false
          },
          "useClass": null,
          "useExisting": {
            "value": null,
            "identifier": {
              "class": "Type",
              "name": "ApplicationRefImpl",
              "moduleUrl": "asset:angular2/lib/src/core/application_ref.dart",
              "prefix": null,
              "isHost": false,
              "value": null,
              "diDeps": [
                {
                  "token": {
                    "value": null,
                    "identifier": {
                      "class": "Identifier",
                      "name": "PlatformRefImpl",
                      "moduleUrl": "asset:angular2/lib/src/core/application_ref.dart",
                      "prefix": null,
                      "value": null
                    },
                    "identifierIsInstance": false
                  },
                  "value": null,
                  "isAttribute": false,
                  "isSelf": false,
                  "isHost": false,
                  "isSkipSelf": false,
                  "isOptional": false,
                  "isValue": false
                },
                {
                  "token": {
                    "value": null,
                    "identifier": {
                      "class": "Identifier",
                      "name": "NgZone",
                      "moduleUrl": "asset:angular2/lib/src/core/zone/ng_zone.dart",
                      "prefix": null,
                      "value": null
                    },
                    "identifierIsInstance": false
                  },
                  "value": null,
                  "isAttribute": false,
                  "isSelf": false,
                  "isHost": false,
                  "isSkipSelf": false,
                  "isOptional": false,
                  "isValue": false
                },
                {
                  "token": {
                    "value": null,
                    "identifier": {
                      "class": "Identifier",
                      "name": "Injector",
                      "moduleUrl": "asset:angular2/lib/src/core/di/injector.dart",
                      "prefix": null,
                      "value": null
                    },
                    "identifierIsInstance": false
                  },
                  "value": null,
                  "isAttribute": false,
                  "isSelf": false,
                  "isHost": false,
                  "isSkipSelf": false,
                  "isOptional": false,
                  "isValue": false
                }
              ]
            },
            "identifierIsInstance": false
          },
          "useValue": null,
          "useFactory": null,
          "useProperty": null,
          "multi": false,
          "deps": null
        },
        {
          "class": "Provider",
          "token": {
            "value": null,
            "identifier": {
              "class": "Identifier",
              "name": "ComponentResolver",
              "moduleUrl": "asset:angular2/lib/src/core/linker/component_resolver.dart",
              "prefix": null,
              "value": null
            },
            "identifierIsInstance": false
          },
          "useClass": {
            "class": "Type",
            "name": "ReflectorComponentResolver",
            "moduleUrl": "asset:angular2/lib/src/core/linker/component_resolver.dart",
            "prefix": null,
            "isHost": false,
            "value": null,
            "diDeps": []
          },
          "useExisting": null,
          "useValue": null,
          "useFactory": null,
          "useProperty": null,
          "multi": false,
          "deps": null
        },
        {
          "class": "Provider",
          "token": {
            "value": null,
            "identifier": {
              "class": "Identifier",
              "name": "APP_ID",
              "moduleUrl": "asset:angular2/lib/src/core/application_tokens.dart",
              "prefix": null,
              "value": null
            },
            "identifierIsInstance": false
          },
          "useClass": null,
          "useExisting": null,
          "useValue": null,
          "useFactory": {
            "class": "Identifier",
            "name": "appIdRandomProviderFactory",
            "moduleUrl": "asset:angular2/lib/src/core/application_tokens.dart",
            "prefix": null,
            "value": null
          },
          "useProperty": null,
          "multi": false,
          "deps": []
        },
        {
          "class": "Provider",
          "token": {
            "value": null,
            "identifier": {
              "class": "Type",
              "name": "AppViewUtils",
              "moduleUrl": "asset:angular2/lib/src/core/linker/app_view_utils.dart",
              "prefix": null,
              "isHost": false,
              "value": null,
              "diDeps": [
                {
                  "token": {
                    "value": null,
                    "identifier": {
                      "class": "Identifier",
                      "name": "APP_ID",
                      "moduleUrl": "asset:angular2/lib/src/core/application_tokens.dart",
                      "prefix": null,
                      "value": null
                    },
                    "identifierIsInstance": false
                  },
                  "value": null,
                  "isAttribute": false,
                  "isSelf": false,
                  "isHost": false,
                  "isSkipSelf": false,
                  "isOptional": false,
                  "isValue": false
                },
                {
                  "token": {
                    "value": null,
                    "identifier": {
                      "class": "Identifier",
                      "name": "SanitizationService",
                      "moduleUrl": "asset:angular2/lib/src/core/security.dart",
                      "prefix": null,
                      "value": null
                    },
                    "identifierIsInstance": false
                  },
                  "value": null,
                  "isAttribute": false,
                  "isSelf": false,
                  "isHost": false,
                  "isSkipSelf": false,
                  "isOptional": false,
                  "isValue": false
                },
                {
                  "token": {
                    "value": null,
                    "identifier": {
                      "class": "Identifier",
                      "name": "EventManager",
                      "moduleUrl": "asset:angular2/lib/src/platform/dom/events/event_manager.dart",
                      "prefix": null,
                      "value": null
                    },
                    "identifierIsInstance": false
                  },
                  "value": null,
                  "isAttribute": false,
                  "isSelf": false,
                  "isHost": false,
                  "isSkipSelf": false,
                  "isOptional": false,
                  "isValue": false
                }
              ]
            },
            "identifierIsInstance": false
          },
          "useClass": {
            "class": "Type",
            "name": "AppViewUtils",
            "moduleUrl": "asset:angular2/lib/src/core/linker/app_view_utils.dart",
            "prefix": null,
            "isHost": false,
            "value": null,
            "diDeps": [
              {
                "token": {
                  "value": null,
                  "identifier": {
                    "class": "Identifier",
                    "name": "APP_ID",
                    "moduleUrl": "asset:angular2/lib/src/core/application_tokens.dart",
                    "prefix": null,
                    "value": null
                  },
                  "identifierIsInstance": false
                },
                "value": null,
                "isAttribute": false,
                "isSelf": false,
                "isHost": false,
                "isSkipSelf": false,
                "isOptional": false,
                "isValue": false
              },
              {
                "token": {
                  "value": null,
                  "identifier": {
                    "class": "Identifier",
                    "name": "SanitizationService",
                    "moduleUrl": "asset:angular2/lib/src/core/security.dart",
                    "prefix": null,
                    "value": null
                  },
                  "identifierIsInstance": false
                },
                "value": null,
                "isAttribute": false,
                "isSelf": false,
                "isHost": false,
                "isSkipSelf": false,
                "isOptional": false,
                "isValue": false
              },
              {
                "token": {
                  "value": null,
                  "identifier": {
                    "class": "Identifier",
                    "name": "EventManager",
                    "moduleUrl": "asset:angular2/lib/src/platform/dom/events/event_manager.dart",
                    "prefix": null,
                    "value": null
                  },
                  "identifierIsInstance": false
                },
                "value": null,
                "isAttribute": false,
                "isSelf": false,
                "isHost": false,
                "isSkipSelf": false,
                "isOptional": false,
                "isValue": false
              }
            ]
          },
          "useExisting": null,
          "useValue": null,
          "useFactory": null,
          "useProperty": null,
          "multi": false,
          "deps": null
        },
        {
          "class": "Provider",
          "token": {
            "value": null,
            "identifier": {
              "class": "Identifier",
              "name": "IterableDiffers",
              "moduleUrl": "asset:angular2/lib/src/core/change_detection/differs/iterable_differs.dart",
              "prefix": null,
              "value": null
            },
            "identifierIsInstance": false
          },
          "useClass": null,
          "useExisting": null,
          "useValue": {
            "class": "Identifier",
            "name": "defaultIterableDiffers",
            "moduleUrl": "asset:angular2/lib/src/core/change_detection/change_detection.dart",
            "prefix": null,
            "value": null
          },
          "useFactory": null,
          "useProperty": null,
          "multi": false,
          "deps": null
        },
        {
          "class": "Provider",
          "token": {
            "value": null,
            "identifier": {
              "class": "Identifier",
              "name": "KeyValueDiffers",
              "moduleUrl": "asset:angular2/lib/src/core/change_detection/differs/keyvalue_differs.dart",
              "prefix": null,
              "value": null
            },
            "identifierIsInstance": false
          },
          "useClass": null,
          "useExisting": null,
          "useValue": {
            "class": "Identifier",
            "name": "defaultKeyValueDiffers",
            "moduleUrl": "asset:angular2/lib/src/core/change_detection/change_detection.dart",
            "prefix": null,
            "value": null
          },
          "useFactory": null,
          "useProperty": null,
          "multi": false,
          "deps": null
        },
        {
          "class": "Provider",
          "token": {
            "value": null,
            "identifier": {
              "class": "Identifier",
              "name": "DynamicComponentLoader",
              "moduleUrl": "asset:angular2/lib/src/core/linker/dynamic_component_loader.dart",
              "prefix": null,
              "value": null
            },
            "identifierIsInstance": false
          },
          "useClass": {
            "class": "Type",
            "name": "DynamicComponentLoaderImpl",
            "moduleUrl": "asset:angular2/lib/src/core/linker/dynamic_component_loader.dart",
            "prefix": null,
            "isHost": false,
            "value": null,
            "diDeps": [
              {
                "token": {
                  "value": null,
                  "identifier": {
                    "class": "Identifier",
                    "name": "ComponentResolver",
                    "moduleUrl": "asset:angular2/lib/src/core/linker/component_resolver.dart",
                    "prefix": null,
                    "value": null
                  },
                  "identifierIsInstance": false
                },
                "value": null,
                "isAttribute": false,
                "isSelf": false,
                "isHost": false,
                "isSkipSelf": false,
                "isOptional": false,
                "isValue": false
              }
            ]
          },
          "useExisting": null,
          "useValue": null,
          "useFactory": null,
          "useProperty": null,
          "multi": false,
          "deps": null
        }
      ]
    }
  },
  "alias": {}
}