{
  "ngDeps": {
    "1": "",
    "3": [
      {
        "1": "package:angular2/src/core/change_detection/change_detection.dart",
        "5": false
      },
      {
        "1": "metadata/di.dart",
        "5": false
      },
      {
        "1": "metadata/view.dart",
        "5": false
      }
    ],
    "4": [
      {
        "1": "./metadata/view.dart",
        "3": [
          "VIEW_ENCAPSULATION_VALUES"
        ]
      },
      {
        "1": "metadata/di.dart"
      },
      {
        "1": "metadata/lifecycle_hooks.dart",
        "2": [
          "AfterContentInit",
          "AfterContentChecked",
          "AfterViewInit",
          "AfterViewChecked",
          "OnChanges",
          "OnDestroy",
          "OnInit",
          "DoCheck"
        ]
      }
    ],
    "6": "metadata.dart",
    "7": [
      {
        "1": "package:angular2/src/core/change_detection/change_detection.template.dart",
        "4": "i0"
      },
      {
        "1": "metadata/di.template.dart",
        "4": "i1"
      },
      {
        "1": "metadata/view.template.dart",
        "4": "i2"
      },
      {
        "1": "./metadata/view.template.dart",
        "4": "i3"
      },
      {
        "1": "metadata/lifecycle_hooks.template.dart",
        "4": "i4"
      }
    ]
  },
  "type": {
    "Directive": {
      "class": "Identifier",
      "name": "Directive",
      "moduleUrl": "asset:angular2/lib/src/core/metadata.dart",
      "prefix": null,
      "value": null
    },
    "Component": {
      "class": "Identifier",
      "name": "Component",
      "moduleUrl": "asset:angular2/lib/src/core/metadata.dart",
      "prefix": null,
      "value": null
    },
    "View": {
      "class": "Identifier",
      "name": "View",
      "moduleUrl": "asset:angular2/lib/src/core/metadata.dart",
      "prefix": null,
      "value": null
    },
    "Pipe": {
      "class": "Identifier",
      "name": "Pipe",
      "moduleUrl": "asset:angular2/lib/src/core/metadata.dart",
      "prefix": null,
      "value": null
    },
    "Attribute": {
      "class": "Identifier",
      "name": "Attribute",
      "moduleUrl": "asset:angular2/lib/src/core/metadata.dart",
      "prefix": null,
      "value": null
    },
    "Query": {
      "class": "Identifier",
      "name": "Query",
      "moduleUrl": "asset:angular2/lib/src/core/metadata.dart",
      "prefix": null,
      "value": null
    },
    "ContentChildren": {
      "class": "Identifier",
      "name": "ContentChildren",
      "moduleUrl": "asset:angular2/lib/src/core/metadata.dart",
      "prefix": null,
      "value": null
    },
    "ContentChild": {
      "class": "Identifier",
      "name": "ContentChild",
      "moduleUrl": "asset:angular2/lib/src/core/metadata.dart",
      "prefix": null,
      "value": null
    },
    "ViewQuery": {
      "class": "Identifier",
      "name": "ViewQuery",
      "moduleUrl": "asset:angular2/lib/src/core/metadata.dart",
      "prefix": null,
      "value": null
    },
    "ViewChildren": {
      "class": "Identifier",
      "name": "ViewChildren",
      "moduleUrl": "asset:angular2/lib/src/core/metadata.dart",
      "prefix": null,
      "value": null
    },
    "ViewChild": {
      "class": "Identifier",
      "name": "ViewChild",
      "moduleUrl": "asset:angular2/lib/src/core/metadata.dart",
      "prefix": null,
      "value": null
    },
    "Input": {
      "class": "Identifier",
      "name": "Input",
      "moduleUrl": "asset:angular2/lib/src/core/metadata.dart",
      "prefix": null,
      "value": null
    },
    "Output": {
      "class": "Identifier",
      "name": "Output",
      "moduleUrl": "asset:angular2/lib/src/core/metadata.dart",
      "prefix": null,
      "value": null
    },
    "HostBinding": {
      "class": "Identifier",
      "name": "HostBinding",
      "moduleUrl": "asset:angular2/lib/src/core/metadata.dart",
      "prefix": null,
      "value": null
    },
    "HostListener": {
      "class": "Identifier",
      "name": "HostListener",
      "moduleUrl": "asset:angular2/lib/src/core/metadata.dart",
      "prefix": null,
      "value": null
    },
    "Provides": {
      "class": "Identifier",
      "name": "Provides",
      "moduleUrl": "asset:angular2/lib/src/core/metadata.dart",
      "prefix": null,
      "value": null
    },
    "SkipAngularInitCheck": {
      "class": "Identifier",
      "name": "SkipAngularInitCheck",
      "moduleUrl": "asset:angular2/lib/src/core/metadata.dart",
      "prefix": null,
      "value": null
    },
    "ViewEncapsulation": {
      "class": "Identifier",
      "name": "ViewEncapsulation",
      "moduleUrl": "asset:angular2/lib/src/core/metadata/view.dart",
      "prefix": null,
      "value": null
    },
    "ProviderProperty": {
      "class": "Identifier",
      "name": "ProviderProperty",
      "moduleUrl": "asset:angular2/lib/src/core/metadata/di.dart",
      "prefix": null,
      "value": null
    },
    "DependencyMetadata": {
      "class": "Identifier",
      "name": "DependencyMetadata",
      "moduleUrl": "asset:angular2/lib/src/core/di/decorators.dart",
      "prefix": null,
      "value": null
    },
    "Inject": {
      "class": "Identifier",
      "name": "Inject",
      "moduleUrl": "asset:angular2/lib/src/core/di/decorators.dart",
      "prefix": null,
      "value": null
    },
    "Injectable": {
      "class": "Identifier",
      "name": "Injectable",
      "moduleUrl": "asset:angular2/lib/src/core/di/decorators.dart",
      "prefix": null,
      "value": null
    },
    "Optional": {
      "class": "Identifier",
      "name": "Optional",
      "moduleUrl": "asset:angular2/lib/src/core/di/decorators.dart",
      "prefix": null,
      "value": null
    },
    "Self": {
      "class": "Identifier",
      "name": "Self",
      "moduleUrl": "asset:angular2/lib/src/core/di/decorators.dart",
      "prefix": null,
      "value": null
    },
    "SkipSelf": {
      "class": "Identifier",
      "name": "SkipSelf",
      "moduleUrl": "asset:angular2/lib/src/core/di/decorators.dart",
      "prefix": null,
      "value": null
    },
    "Host": {
      "class": "Identifier",
      "name": "Host",
      "moduleUrl": "asset:angular2/lib/src/core/di/decorators.dart",
      "prefix": null,
      "value": null
    },
    "LifecycleHooks": {
      "class": "Identifier",
      "name": "LifecycleHooks",
      "moduleUrl": "asset:angular2/lib/src/core/metadata/lifecycle_hooks.dart",
      "prefix": null,
      "value": null
    },
    "OnChanges": {
      "class": "Identifier",
      "name": "OnChanges",
      "moduleUrl": "asset:angular2/lib/src/core/metadata/lifecycle_hooks.dart",
      "prefix": null,
      "value": null
    },
    "OnInit": {
      "class": "Identifier",
      "name": "OnInit",
      "moduleUrl": "asset:angular2/lib/src/core/metadata/lifecycle_hooks.dart",
      "prefix": null,
      "value": null
    },
    "DoCheck": {
      "class": "Identifier",
      "name": "DoCheck",
      "moduleUrl": "asset:angular2/lib/src/core/metadata/lifecycle_hooks.dart",
      "prefix": null,
      "value": null
    },
    "OnDestroy": {
      "class": "Identifier",
      "name": "OnDestroy",
      "moduleUrl": "asset:angular2/lib/src/core/metadata/lifecycle_hooks.dart",
      "prefix": null,
      "value": null
    },
    "AfterContentInit": {
      "class": "Identifier",
      "name": "AfterContentInit",
      "moduleUrl": "asset:angular2/lib/src/core/metadata/lifecycle_hooks.dart",
      "prefix": null,
      "value": null
    },
    "AfterContentChecked": {
      "class": "Identifier",
      "name": "AfterContentChecked",
      "moduleUrl": "asset:angular2/lib/src/core/metadata/lifecycle_hooks.dart",
      "prefix": null,
      "value": null
    },
    "AfterViewInit": {
      "class": "Identifier",
      "name": "AfterViewInit",
      "moduleUrl": "asset:angular2/lib/src/core/metadata/lifecycle_hooks.dart",
      "prefix": null,
      "value": null
    },
    "AfterViewChecked": {
      "class": "Identifier",
      "name": "AfterViewChecked",
      "moduleUrl": "asset:angular2/lib/src/core/metadata/lifecycle_hooks.dart",
      "prefix": null,
      "value": null
    }
  },
  "alias": {}
}