{
  "ngDeps": {
    "1": "",
    "3": [
      {
        "1": "package:angular2/src/core/di.dart",
        "2": [
          "Provider"
        ],
        "5": false
      },
      {
        "1": "package:angular2/src/core/testability/testability.dart",
        "2": [
          "TestabilityRegistry"
        ],
        "5": false
      },
      {
        "1": "application_ref.dart",
        "2": [
          "PLATFORM_CORE_PROVIDERS"
        ],
        "5": false
      },
      {
        "1": "reflection/reflection.dart",
        "2": [
          "Reflector",
          "reflector"
        ],
        "5": false
      }
    ],
    "6": "platform_common_providers.dart"
  },
  "type": {
    "PLATFORM_COMMON_PROVIDERS": {
      "class": "Identifier",
      "name": "PLATFORM_COMMON_PROVIDERS",
      "moduleUrl": "asset:angular2/lib/src/core/platform_common_providers.dart",
      "prefix": null,
      "value": [
        {
          "class": "Identifier",
          "name": "PLATFORM_CORE_PROVIDERS",
          "moduleUrl": null,
          "prefix": null,
          "value": null
        },
        {
          "class": "Provider",
          "token": {
            "value": null,
            "identifier": {
              "class": "Identifier",
              "name": "Reflector",
              "moduleUrl": null,
              "prefix": null,
              "value": null
            },
            "identifierIsInstance": false
          },
          "useClass": null,
          "useExisting": null,
          "useValue": null,
          "useFactory": {
            "class": "Factory",
            "name": "reflectorFactory",
            "prefix": null,
            "moduleUrl": null,
            "value": null,
            "diDeps": []
          },
          "useProperty": null,
          "multi": false,
          "deps": []
        },
        {
          "class": "Identifier",
          "name": "TestabilityRegistry",
          "moduleUrl": null,
          "prefix": null,
          "value": null
        }
      ]
    },
    "reflectorFactory": {
      "class": "Identifier",
      "name": "reflectorFactory",
      "moduleUrl": "asset:angular2/lib/src/core/platform_common_providers.dart",
      "prefix": null,
      "value": null
    }
  },
  "alias": {}
}