{
  "ngDeps": {
    "1": "",
    "3": [
      {
        "1": "package:angular2/src/core/di.dart",
        "2": [
          "OpaqueToken"
        ],
        "5": false
      }
    ],
    "6": "platform_directives_and_pipes.dart",
    "7": [
      {
        "1": "package:angular2/src/core/di.template.dart",
        "4": "i0"
      }
    ]
  },
  "type": {
    "PLATFORM_DIRECTIVES": {
      "class": "Identifier",
      "name": "PLATFORM_DIRECTIVES",
      "moduleUrl": "asset:angular2/lib/src/core/platform_directives_and_pipes.dart",
      "prefix": null,
      "value": null
    },
    "PLATFORM_PIPES": {
      "class": "Identifier",
      "name": "PLATFORM_PIPES",
      "moduleUrl": "asset:angular2/lib/src/core/platform_directives_and_pipes.dart",
      "prefix": null,
      "value": null
    }
  },
  "alias": {}
}