{
  "ngDeps": null,
  "type": {
    "TemplateSecurityContext": {
      "class": "Identifier",
      "name": "TemplateSecurityContext",
      "moduleUrl": "asset:angular2/lib/src/core/security.dart",
      "prefix": null,
      "value": null
    },
    "SanitizationService": {
      "class": "Identifier",
      "name": "SanitizationService",
      "moduleUrl": "asset:angular2/lib/src/core/security.dart",
      "prefix": null,
      "value": null
    },
    "SafeValue": {
      "class": "Identifier",
      "name": "SafeValue",
      "moduleUrl": "asset:angular2/lib/src/core/security.dart",
      "prefix": null,
      "value": null
    }
  },
  "alias": {}
}