{
  "ngDeps": {
    "1": "angular2.compiler",
    "4": [
      {
        "1": "package:angular2/src/compiler/compiler.dart",
        "2": [
          "PLATFORM_DIRECTIVES",
          "PLATFORM_PIPES",
          "COMPILER_PROVIDERS",
          "CompilerConfig",
          "UrlResolver",
          "DEFAULT_PACKAGE_URL_PROVIDER",
          "createOfflineCompileUrlResolver",
          "XHR",
          "ViewResolver",
          "DirectiveResolver",
          "PipeResolver",
          "SourceModule",
          "NormalizedComponentWithViewDirectives",
          "OfflineCompiler",
          "CompileMetadataWithIdentifier",
          "CompileMetadataWithType",
          "CompileIdentifierMetadata",
          "CompileDiDependencyMetadata",
          "CompileProviderMetadata",
          "CompileFactoryMetadata",
          "CompileTokenMetadata",
          "CompileTypeMetadata",
          "CompileQueryMetadata",
          "CompileTemplateMetadata",
          "CompileDirectiveMetadata",
          "CompilePipeMetadata"
        ]
      },
      {
        "1": "package:angular2/src/compiler/template_ast.dart"
      }
    ],
    "6": "compiler.dart",
    "7": [
      {
        "1": "package:angular2/src/compiler/compiler.template.dart",
        "4": "i0"
      },
      {
        "1": "package:angular2/src/compiler/template_ast.template.dart",
        "4": "i1"
      }
    ]
  },
  "type": {
    "COMPILER_PROVIDERS": {
      "class": "Identifier",
      "name": "COMPILER_PROVIDERS",
      "moduleUrl": "asset:angular2/lib/src/compiler/compiler.dart",
      "prefix": null,
      "value": [
        {
          "class": "Provider",
          "token": {
            "value": null,
            "identifier": {
              "class": "Type",
              "name": "Lexer",
              "moduleUrl": "asset:angular2/lib/src/compiler/expression_parser/lexer.dart",
              "prefix": null,
              "isHost": false,
              "value": null,
              "diDeps": []
            },
            "identifierIsInstance": false
          },
          "useClass": {
            "class": "Type",
            "name": "Lexer",
            "moduleUrl": "asset:angular2/lib/src/compiler/expression_parser/lexer.dart",
            "prefix": null,
            "isHost": false,
            "value": null,
            "diDeps": []
          },
          "useExisting": null,
          "useValue": null,
          "useFactory": null,
          "useProperty": null,
          "multi": false,
          "deps": null
        },
        {
          "class": "Provider",
          "token": {
            "value": null,
            "identifier": {
              "class": "Type",
              "name": "Parser",
              "moduleUrl": "asset:angular2/lib/src/compiler/expression_parser/parser.dart",
              "prefix": null,
              "isHost": false,
              "value": null,
              "diDeps": [
                {
                  "token": {
                    "value": null,
                    "identifier": {
                      "class": "Identifier",
                      "name": "Lexer",
                      "moduleUrl": "asset:angular2/lib/src/compiler/expression_parser/lexer.dart",
                      "prefix": null,
                      "value": null
                    },
                    "identifierIsInstance": false
                  },
                  "value": null,
                  "isAttribute": false,
                  "isSelf": false,
                  "isHost": false,
                  "isSkipSelf": false,
                  "isOptional": false,
                  "isValue": false
                }
              ]
            },
            "identifierIsInstance": false
          },
          "useClass": {
            "class": "Type",
            "name": "Parser",
            "moduleUrl": "asset:angular2/lib/src/compiler/expression_parser/parser.dart",
            "prefix": null,
            "isHost": false,
            "value": null,
            "diDeps": [
              {
                "token": {
                  "value": null,
                  "identifier": {
                    "class": "Identifier",
                    "name": "Lexer",
                    "moduleUrl": "asset:angular2/lib/src/compiler/expression_parser/lexer.dart",
                    "prefix": null,
                    "value": null
                  },
                  "identifierIsInstance": false
                },
                "value": null,
                "isAttribute": false,
                "isSelf": false,
                "isHost": false,
                "isSkipSelf": false,
                "isOptional": false,
                "isValue": false
              }
            ]
          },
          "useExisting": null,
          "useValue": null,
          "useFactory": null,
          "useProperty": null,
          "multi": false,
          "deps": null
        },
        {
          "class": "Provider",
          "token": {
            "value": null,
            "identifier": {
              "class": "Type",
              "name": "HtmlParser",
              "moduleUrl": "asset:angular2/lib/src/compiler/html_parser.dart",
              "prefix": null,
              "isHost": false,
              "value": null,
              "diDeps": []
            },
            "identifierIsInstance": false
          },
          "useClass": {
            "class": "Type",
            "name": "HtmlParser",
            "moduleUrl": "asset:angular2/lib/src/compiler/html_parser.dart",
            "prefix": null,
            "isHost": false,
            "value": null,
            "diDeps": []
          },
          "useExisting": null,
          "useValue": null,
          "useFactory": null,
          "useProperty": null,
          "multi": false,
          "deps": null
        },
        {
          "class": "Provider",
          "token": {
            "value": null,
            "identifier": {
              "class": "Type",
              "name": "TemplateParser",
              "moduleUrl": "asset:angular2/lib/src/compiler/template_parser.dart",
              "prefix": null,
              "isHost": false,
              "value": null,
              "diDeps": [
                {
                  "token": {
                    "value": null,
                    "identifier": {
                      "class": "Identifier",
                      "name": "Parser",
                      "moduleUrl": "asset:angular2/lib/src/compiler/expression_parser/parser.dart",
                      "prefix": null,
                      "value": null
                    },
                    "identifierIsInstance": false
                  },
                  "value": null,
                  "isAttribute": false,
                  "isSelf": false,
                  "isHost": false,
                  "isSkipSelf": false,
                  "isOptional": false,
                  "isValue": false
                },
                {
                  "token": {
                    "value": null,
                    "identifier": {
                      "class": "Identifier",
                      "name": "ElementSchemaRegistry",
                      "moduleUrl": "asset:angular2/lib/src/compiler/schema/element_schema_registry.dart",
                      "prefix": null,
                      "value": null
                    },
                    "identifierIsInstance": false
                  },
                  "value": null,
                  "isAttribute": false,
                  "isSelf": false,
                  "isHost": false,
                  "isSkipSelf": false,
                  "isOptional": false,
                  "isValue": false
                },
                {
                  "token": {
                    "value": null,
                    "identifier": {
                      "class": "Identifier",
                      "name": "HtmlParser",
                      "moduleUrl": "asset:angular2/lib/src/compiler/html_parser.dart",
                      "prefix": null,
                      "value": null
                    },
                    "identifierIsInstance": false
                  },
                  "value": null,
                  "isAttribute": false,
                  "isSelf": false,
                  "isHost": false,
                  "isSkipSelf": false,
                  "isOptional": false,
                  "isValue": false
                }
              ]
            },
            "identifierIsInstance": false
          },
          "useClass": {
            "class": "Type",
            "name": "TemplateParser",
            "moduleUrl": "asset:angular2/lib/src/compiler/template_parser.dart",
            "prefix": null,
            "isHost": false,
            "value": null,
            "diDeps": [
              {
                "token": {
                  "value": null,
                  "identifier": {
                    "class": "Identifier",
                    "name": "Parser",
                    "moduleUrl": "asset:angular2/lib/src/compiler/expression_parser/parser.dart",
                    "prefix": null,
                    "value": null
                  },
                  "identifierIsInstance": false
                },
                "value": null,
                "isAttribute": false,
                "isSelf": false,
                "isHost": false,
                "isSkipSelf": false,
                "isOptional": false,
                "isValue": false
              },
              {
                "token": {
                  "value": null,
                  "identifier": {
                    "class": "Identifier",
                    "name": "ElementSchemaRegistry",
                    "moduleUrl": "asset:angular2/lib/src/compiler/schema/element_schema_registry.dart",
                    "prefix": null,
                    "value": null
                  },
                  "identifierIsInstance": false
                },
                "value": null,
                "isAttribute": false,
                "isSelf": false,
                "isHost": false,
                "isSkipSelf": false,
                "isOptional": false,
                "isValue": false
              },
              {
                "token": {
                  "value": null,
                  "identifier": {
                    "class": "Identifier",
                    "name": "HtmlParser",
                    "moduleUrl": "asset:angular2/lib/src/compiler/html_parser.dart",
                    "prefix": null,
                    "value": null
                  },
                  "identifierIsInstance": false
                },
                "value": null,
                "isAttribute": false,
                "isSelf": false,
                "isHost": false,
                "isSkipSelf": false,
                "isOptional": false,
                "isValue": false
              }
            ]
          },
          "useExisting": null,
          "useValue": null,
          "useFactory": null,
          "useProperty": null,
          "multi": false,
          "deps": null
        },
        {
          "class": "Provider",
          "token": {
            "value": null,
            "identifier": {
              "class": "Type",
              "name": "DirectiveNormalizer",
              "moduleUrl": "asset:angular2/lib/src/compiler/directive_normalizer.dart",
              "prefix": null,
              "isHost": false,
              "value": null,
              "diDeps": [
                {
                  "token": {
                    "value": null,
                    "identifier": {
                      "class": "Identifier",
                      "name": "XHR",
                      "moduleUrl": "asset:angular2/lib/src/compiler/xhr.dart",
                      "prefix": null,
                      "value": null
                    },
                    "identifierIsInstance": false
                  },
                  "value": null,
                  "isAttribute": false,
                  "isSelf": false,
                  "isHost": false,
                  "isSkipSelf": false,
                  "isOptional": false,
                  "isValue": false
                },
                {
                  "token": {
                    "value": null,
                    "identifier": {
                      "class": "Identifier",
                      "name": "UrlResolver",
                      "moduleUrl": "asset:angular2/lib/src/compiler/url_resolver.dart",
                      "prefix": null,
                      "value": null
                    },
                    "identifierIsInstance": false
                  },
                  "value": null,
                  "isAttribute": false,
                  "isSelf": false,
                  "isHost": false,
                  "isSkipSelf": false,
                  "isOptional": false,
                  "isValue": false
                },
                {
                  "token": {
                    "value": null,
                    "identifier": {
                      "class": "Identifier",
                      "name": "HtmlParser",
                      "moduleUrl": "asset:angular2/lib/src/compiler/html_parser.dart",
                      "prefix": null,
                      "value": null
                    },
                    "identifierIsInstance": false
                  },
                  "value": null,
                  "isAttribute": false,
                  "isSelf": false,
                  "isHost": false,
                  "isSkipSelf": false,
                  "isOptional": false,
                  "isValue": false
                }
              ]
            },
            "identifierIsInstance": false
          },
          "useClass": {
            "class": "Type",
            "name": "DirectiveNormalizer",
            "moduleUrl": "asset:angular2/lib/src/compiler/directive_normalizer.dart",
            "prefix": null,
            "isHost": false,
            "value": null,
            "diDeps": [
              {
                "token": {
                  "value": null,
                  "identifier": {
                    "class": "Identifier",
                    "name": "XHR",
                    "moduleUrl": "asset:angular2/lib/src/compiler/xhr.dart",
                    "prefix": null,
                    "value": null
                  },
                  "identifierIsInstance": false
                },
                "value": null,
                "isAttribute": false,
                "isSelf": false,
                "isHost": false,
                "isSkipSelf": false,
                "isOptional": false,
                "isValue": false
              },
              {
                "token": {
                  "value": null,
                  "identifier": {
                    "class": "Identifier",
                    "name": "UrlResolver",
                    "moduleUrl": "asset:angular2/lib/src/compiler/url_resolver.dart",
                    "prefix": null,
                    "value": null
                  },
                  "identifierIsInstance": false
                },
                "value": null,
                "isAttribute": false,
                "isSelf": false,
                "isHost": false,
                "isSkipSelf": false,
                "isOptional": false,
                "isValue": false
              },
              {
                "token": {
                  "value": null,
                  "identifier": {
                    "class": "Identifier",
                    "name": "HtmlParser",
                    "moduleUrl": "asset:angular2/lib/src/compiler/html_parser.dart",
                    "prefix": null,
                    "value": null
                  },
                  "identifierIsInstance": false
                },
                "value": null,
                "isAttribute": false,
                "isSelf": false,
                "isHost": false,
                "isSkipSelf": false,
                "isOptional": false,
                "isValue": false
              }
            ]
          },
          "useExisting": null,
          "useValue": null,
          "useFactory": null,
          "useProperty": null,
          "multi": false,
          "deps": null
        },
        {
          "class": "Provider",
          "token": {
            "value": null,
            "identifier": {
              "class": "Type",
              "name": "RuntimeMetadataResolver",
              "moduleUrl": "asset:angular2/lib/src/compiler/runtime_metadata.dart",
              "prefix": null,
              "isHost": false,
              "value": null,
              "diDeps": [
                {
                  "token": {
                    "value": null,
                    "identifier": {
                      "class": "Identifier",
                      "name": "DirectiveResolver",
                      "moduleUrl": "asset:angular2/lib/src/compiler/directive_resolver.dart",
                      "prefix": null,
                      "value": null
                    },
                    "identifierIsInstance": false
                  },
                  "value": null,
                  "isAttribute": false,
                  "isSelf": false,
                  "isHost": false,
                  "isSkipSelf": false,
                  "isOptional": false,
                  "isValue": false
                },
                {
                  "token": {
                    "value": null,
                    "identifier": {
                      "class": "Identifier",
                      "name": "PipeResolver",
                      "moduleUrl": "asset:angular2/lib/src/compiler/pipe_resolver.dart",
                      "prefix": null,
                      "value": null
                    },
                    "identifierIsInstance": false
                  },
                  "value": null,
                  "isAttribute": false,
                  "isSelf": false,
                  "isHost": false,
                  "isSkipSelf": false,
                  "isOptional": false,
                  "isValue": false
                },
                {
                  "token": {
                    "value": null,
                    "identifier": {
                      "class": "Identifier",
                      "name": "ViewResolver",
                      "moduleUrl": "asset:angular2/lib/src/compiler/view_resolver.dart",
                      "prefix": null,
                      "value": null
                    },
                    "identifierIsInstance": false
                  },
                  "value": null,
                  "isAttribute": false,
                  "isSelf": false,
                  "isHost": false,
                  "isSkipSelf": false,
                  "isOptional": false,
                  "isValue": false
                },
                {
                  "token": {
                    "value": null,
                    "identifier": {
                      "class": "Identifier",
                      "name": "PLATFORM_DIRECTIVES",
                      "moduleUrl": "asset:angular2/lib/src/core/platform_directives_and_pipes.dart",
                      "prefix": null,
                      "value": null
                    },
                    "identifierIsInstance": false
                  },
                  "value": null,
                  "isAttribute": false,
                  "isSelf": false,
                  "isHost": false,
                  "isSkipSelf": false,
                  "isOptional": true,
                  "isValue": false
                },
                {
                  "token": {
                    "value": null,
                    "identifier": {
                      "class": "Identifier",
                      "name": "PLATFORM_PIPES",
                      "moduleUrl": "asset:angular2/lib/src/core/platform_directives_and_pipes.dart",
                      "prefix": null,
                      "value": null
                    },
                    "identifierIsInstance": false
                  },
                  "value": null,
                  "isAttribute": false,
                  "isSelf": false,
                  "isHost": false,
                  "isSkipSelf": false,
                  "isOptional": true,
                  "isValue": false
                }
              ]
            },
            "identifierIsInstance": false
          },
          "useClass": {
            "class": "Type",
            "name": "RuntimeMetadataResolver",
            "moduleUrl": "asset:angular2/lib/src/compiler/runtime_metadata.dart",
            "prefix": null,
            "isHost": false,
            "value": null,
            "diDeps": [
              {
                "token": {
                  "value": null,
                  "identifier": {
                    "class": "Identifier",
                    "name": "DirectiveResolver",
                    "moduleUrl": "asset:angular2/lib/src/compiler/directive_resolver.dart",
                    "prefix": null,
                    "value": null
                  },
                  "identifierIsInstance": false
                },
                "value": null,
                "isAttribute": false,
                "isSelf": false,
                "isHost": false,
                "isSkipSelf": false,
                "isOptional": false,
                "isValue": false
              },
              {
                "token": {
                  "value": null,
                  "identifier": {
                    "class": "Identifier",
                    "name": "PipeResolver",
                    "moduleUrl": "asset:angular2/lib/src/compiler/pipe_resolver.dart",
                    "prefix": null,
                    "value": null
                  },
                  "identifierIsInstance": false
                },
                "value": null,
                "isAttribute": false,
                "isSelf": false,
                "isHost": false,
                "isSkipSelf": false,
                "isOptional": false,
                "isValue": false
              },
              {
                "token": {
                  "value": null,
                  "identifier": {
                    "class": "Identifier",
                    "name": "ViewResolver",
                    "moduleUrl": "asset:angular2/lib/src/compiler/view_resolver.dart",
                    "prefix": null,
                    "value": null
                  },
                  "identifierIsInstance": false
                },
                "value": null,
                "isAttribute": false,
                "isSelf": false,
                "isHost": false,
                "isSkipSelf": false,
                "isOptional": false,
                "isValue": false
              },
              {
                "token": {
                  "value": null,
                  "identifier": {
                    "class": "Identifier",
                    "name": "PLATFORM_DIRECTIVES",
                    "moduleUrl": "asset:angular2/lib/src/core/platform_directives_and_pipes.dart",
                    "prefix": null,
                    "value": null
                  },
                  "identifierIsInstance": false
                },
                "value": null,
                "isAttribute": false,
                "isSelf": false,
                "isHost": false,
                "isSkipSelf": false,
                "isOptional": true,
                "isValue": false
              },
              {
                "token": {
                  "value": null,
                  "identifier": {
                    "class": "Identifier",
                    "name": "PLATFORM_PIPES",
                    "moduleUrl": "asset:angular2/lib/src/core/platform_directives_and_pipes.dart",
                    "prefix": null,
                    "value": null
                  },
                  "identifierIsInstance": false
                },
                "value": null,
                "isAttribute": false,
                "isSelf": false,
                "isHost": false,
                "isSkipSelf": false,
                "isOptional": true,
                "isValue": false
              }
            ]
          },
          "useExisting": null,
          "useValue": null,
          "useFactory": null,
          "useProperty": null,
          "multi": false,
          "deps": null
        },
        {
          "class": "Provider",
          "token": {
            "value": null,
            "identifier": {
              "class": "Identifier",
              "name": "PACKAGE_ROOT_URL",
              "moduleUrl": "asset:angular2/lib/src/core/application_tokens.dart",
              "prefix": null,
              "value": null
            },
            "identifierIsInstance": false
          },
          "useClass": null,
          "useExisting": null,
          "useValue": "/packages",
          "useFactory": null,
          "useProperty": null,
          "multi": false,
          "deps": null
        },
        {
          "class": "Provider",
          "token": {
            "value": null,
            "identifier": {
              "class": "Type",
              "name": "StyleCompiler",
              "moduleUrl": "asset:angular2/lib/src/compiler/style_compiler.dart",
              "prefix": null,
              "isHost": false,
              "value": null,
              "diDeps": [
                {
                  "token": {
                    "value": null,
                    "identifier": {
                      "class": "Identifier",
                      "name": "UrlResolver",
                      "moduleUrl": "asset:angular2/lib/src/compiler/url_resolver.dart",
                      "prefix": null,
                      "value": null
                    },
                    "identifierIsInstance": false
                  },
                  "value": null,
                  "isAttribute": false,
                  "isSelf": false,
                  "isHost": false,
                  "isSkipSelf": false,
                  "isOptional": false,
                  "isValue": false
                }
              ]
            },
            "identifierIsInstance": false
          },
          "useClass": {
            "class": "Type",
            "name": "StyleCompiler",
            "moduleUrl": "asset:angular2/lib/src/compiler/style_compiler.dart",
            "prefix": null,
            "isHost": false,
            "value": null,
            "diDeps": [
              {
                "token": {
                  "value": null,
                  "identifier": {
                    "class": "Identifier",
                    "name": "UrlResolver",
                    "moduleUrl": "asset:angular2/lib/src/compiler/url_resolver.dart",
                    "prefix": null,
                    "value": null
                  },
                  "identifierIsInstance": false
                },
                "value": null,
                "isAttribute": false,
                "isSelf": false,
                "isHost": false,
                "isSkipSelf": false,
                "isOptional": false,
                "isValue": false
              }
            ]
          },
          "useExisting": null,
          "useValue": null,
          "useFactory": null,
          "useProperty": null,
          "multi": false,
          "deps": null
        },
        {
          "class": "Provider",
          "token": {
            "value": null,
            "identifier": {
              "class": "Type",
              "name": "ViewCompiler",
              "moduleUrl": "asset:angular2/lib/src/compiler/view_compiler/view_compiler.dart",
              "prefix": null,
              "isHost": false,
              "value": null,
              "diDeps": [
                {
                  "token": {
                    "value": null,
                    "identifier": {
                      "class": "Identifier",
                      "name": "CompilerConfig",
                      "moduleUrl": "asset:angular2/lib/src/compiler/config.dart",
                      "prefix": null,
                      "value": null
                    },
                    "identifierIsInstance": false
                  },
                  "value": null,
                  "isAttribute": false,
                  "isSelf": false,
                  "isHost": false,
                  "isSkipSelf": false,
                  "isOptional": false,
                  "isValue": false
                }
              ]
            },
            "identifierIsInstance": false
          },
          "useClass": {
            "class": "Type",
            "name": "ViewCompiler",
            "moduleUrl": "asset:angular2/lib/src/compiler/view_compiler/view_compiler.dart",
            "prefix": null,
            "isHost": false,
            "value": null,
            "diDeps": [
              {
                "token": {
                  "value": null,
                  "identifier": {
                    "class": "Identifier",
                    "name": "CompilerConfig",
                    "moduleUrl": "asset:angular2/lib/src/compiler/config.dart",
                    "prefix": null,
                    "value": null
                  },
                  "identifierIsInstance": false
                },
                "value": null,
                "isAttribute": false,
                "isSelf": false,
                "isHost": false,
                "isSkipSelf": false,
                "isOptional": false,
                "isValue": false
              }
            ]
          },
          "useExisting": null,
          "useValue": null,
          "useFactory": null,
          "useProperty": null,
          "multi": false,
          "deps": null
        },
        {
          "class": "Provider",
          "token": {
            "value": null,
            "identifier": {
              "class": "Identifier",
              "name": "CompilerConfig",
              "moduleUrl": "asset:angular2/lib/src/compiler/config.dart",
              "prefix": null,
              "value": null
            },
            "identifierIsInstance": false
          },
          "useClass": null,
          "useExisting": null,
          "useValue": null,
          "useFactory": {
            "class": "Identifier",
            "name": "createCompilerConfig",
            "moduleUrl": "asset:angular2/lib/src/compiler/compiler.dart",
            "prefix": null,
            "value": null
          },
          "useProperty": null,
          "multi": false,
          "deps": []
        },
        {
          "class": "Provider",
          "token": {
            "value": null,
            "identifier": {
              "class": "Type",
              "name": "DomElementSchemaRegistry",
              "moduleUrl": "asset:angular2/lib/src/compiler/schema/dom_element_schema_registry.dart",
              "prefix": null,
              "isHost": false,
              "value": null,
              "diDeps": []
            },
            "identifierIsInstance": false
          },
          "useClass": {
            "class": "Type",
            "name": "DomElementSchemaRegistry",
            "moduleUrl": "asset:angular2/lib/src/compiler/schema/dom_element_schema_registry.dart",
            "prefix": null,
            "isHost": false,
            "value": null,
            "diDeps": []
          },
          "useExisting": null,
          "useValue": null,
          "useFactory": null,
          "useProperty": null,
          "multi": false,
          "deps": null
        },
        {
          "class": "Provider",
          "token": {
            "value": null,
            "identifier": {
              "class": "Identifier",
              "name": "ElementSchemaRegistry",
              "moduleUrl": "asset:angular2/lib/src/compiler/schema/element_schema_registry.dart",
              "prefix": null,
              "value": null
            },
            "identifierIsInstance": false
          },
          "useClass": null,
          "useExisting": {
            "value": null,
            "identifier": {
              "class": "Type",
              "name": "DomElementSchemaRegistry",
              "moduleUrl": "asset:angular2/lib/src/compiler/schema/dom_element_schema_registry.dart",
              "prefix": null,
              "isHost": false,
              "value": null,
              "diDeps": []
            },
            "identifierIsInstance": false
          },
          "useValue": null,
          "useFactory": null,
          "useProperty": null,
          "multi": false,
          "deps": null
        },
        {
          "class": "Provider",
          "token": {
            "value": null,
            "identifier": {
              "class": "Type",
              "name": "UrlResolver",
              "moduleUrl": "asset:angular2/lib/src/compiler/url_resolver.dart",
              "prefix": null,
              "isHost": false,
              "value": null,
              "diDeps": [
                {
                  "token": {
                    "value": null,
                    "identifier": {
                      "class": "Identifier",
                      "name": "PACKAGE_ROOT_URL",
                      "moduleUrl": "asset:angular2/lib/src/core/application_tokens.dart",
                      "prefix": null,
                      "value": null
                    },
                    "identifierIsInstance": false
                  },
                  "value": null,
                  "isAttribute": false,
                  "isSelf": false,
                  "isHost": false,
                  "isSkipSelf": false,
                  "isOptional": false,
                  "isValue": false
                }
              ]
            },
            "identifierIsInstance": false
          },
          "useClass": {
            "class": "Type",
            "name": "UrlResolver",
            "moduleUrl": "asset:angular2/lib/src/compiler/url_resolver.dart",
            "prefix": null,
            "isHost": false,
            "value": null,
            "diDeps": [
              {
                "token": {
                  "value": null,
                  "identifier": {
                    "class": "Identifier",
                    "name": "PACKAGE_ROOT_URL",
                    "moduleUrl": "asset:angular2/lib/src/core/application_tokens.dart",
                    "prefix": null,
                    "value": null
                  },
                  "identifierIsInstance": false
                },
                "value": null,
                "isAttribute": false,
                "isSelf": false,
                "isHost": false,
                "isSkipSelf": false,
                "isOptional": false,
                "isValue": false
              }
            ]
          },
          "useExisting": null,
          "useValue": null,
          "useFactory": null,
          "useProperty": null,
          "multi": false,
          "deps": null
        },
        {
          "class": "Provider",
          "token": {
            "value": null,
            "identifier": {
              "class": "Type",
              "name": "ViewResolver",
              "moduleUrl": "asset:angular2/lib/src/compiler/view_resolver.dart",
              "prefix": null,
              "isHost": false,
              "value": null,
              "diDeps": [
                {
                  "token": {
                    "value": null,
                    "identifier": {
                      "class": "Identifier",
                      "name": "Reflector",
                      "moduleUrl": "asset:angular2/lib/src/core/reflection/reflector.dart",
                      "prefix": null,
                      "value": null
                    },
                    "identifierIsInstance": false
                  },
                  "value": null,
                  "isAttribute": false,
                  "isSelf": false,
                  "isHost": false,
                  "isSkipSelf": false,
                  "isOptional": false,
                  "isValue": false
                }
              ]
            },
            "identifierIsInstance": false
          },
          "useClass": {
            "class": "Type",
            "name": "ViewResolver",
            "moduleUrl": "asset:angular2/lib/src/compiler/view_resolver.dart",
            "prefix": null,
            "isHost": false,
            "value": null,
            "diDeps": [
              {
                "token": {
                  "value": null,
                  "identifier": {
                    "class": "Identifier",
                    "name": "Reflector",
                    "moduleUrl": "asset:angular2/lib/src/core/reflection/reflector.dart",
                    "prefix": null,
                    "value": null
                  },
                  "identifierIsInstance": false
                },
                "value": null,
                "isAttribute": false,
                "isSelf": false,
                "isHost": false,
                "isSkipSelf": false,
                "isOptional": false,
                "isValue": false
              }
            ]
          },
          "useExisting": null,
          "useValue": null,
          "useFactory": null,
          "useProperty": null,
          "multi": false,
          "deps": null
        },
        {
          "class": "Provider",
          "token": {
            "value": null,
            "identifier": {
              "class": "Type",
              "name": "DirectiveResolver",
              "moduleUrl": "asset:angular2/lib/src/compiler/directive_resolver.dart",
              "prefix": null,
              "isHost": false,
              "value": null,
              "diDeps": [
                {
                  "token": {
                    "value": null,
                    "identifier": {
                      "class": "Identifier",
                      "name": "Reflector",
                      "moduleUrl": "asset:angular2/lib/src/core/reflection/reflector.dart",
                      "prefix": null,
                      "value": null
                    },
                    "identifierIsInstance": false
                  },
                  "value": null,
                  "isAttribute": false,
                  "isSelf": false,
                  "isHost": false,
                  "isSkipSelf": false,
                  "isOptional": false,
                  "isValue": false
                }
              ]
            },
            "identifierIsInstance": false
          },
          "useClass": {
            "class": "Type",
            "name": "DirectiveResolver",
            "moduleUrl": "asset:angular2/lib/src/compiler/directive_resolver.dart",
            "prefix": null,
            "isHost": false,
            "value": null,
            "diDeps": [
              {
                "token": {
                  "value": null,
                  "identifier": {
                    "class": "Identifier",
                    "name": "Reflector",
                    "moduleUrl": "asset:angular2/lib/src/core/reflection/reflector.dart",
                    "prefix": null,
                    "value": null
                  },
                  "identifierIsInstance": false
                },
                "value": null,
                "isAttribute": false,
                "isSelf": false,
                "isHost": false,
                "isSkipSelf": false,
                "isOptional": false,
                "isValue": false
              }
            ]
          },
          "useExisting": null,
          "useValue": null,
          "useFactory": null,
          "useProperty": null,
          "multi": false,
          "deps": null
        },
        {
          "class": "Provider",
          "token": {
            "value": null,
            "identifier": {
              "class": "Type",
              "name": "PipeResolver",
              "moduleUrl": "asset:angular2/lib/src/compiler/pipe_resolver.dart",
              "prefix": null,
              "isHost": false,
              "value": null,
              "diDeps": [
                {
                  "token": {
                    "value": null,
                    "identifier": {
                      "class": "Identifier",
                      "name": "Reflector",
                      "moduleUrl": "asset:angular2/lib/src/core/reflection/reflector.dart",
                      "prefix": null,
                      "value": null
                    },
                    "identifierIsInstance": false
                  },
                  "value": null,
                  "isAttribute": false,
                  "isSelf": false,
                  "isHost": false,
                  "isSkipSelf": false,
                  "isOptional": false,
                  "isValue": false
                }
              ]
            },
            "identifierIsInstance": false
          },
          "useClass": {
            "class": "Type",
            "name": "PipeResolver",
            "moduleUrl": "asset:angular2/lib/src/compiler/pipe_resolver.dart",
            "prefix": null,
            "isHost": false,
            "value": null,
            "diDeps": [
              {
                "token": {
                  "value": null,
                  "identifier": {
                    "class": "Identifier",
                    "name": "Reflector",
                    "moduleUrl": "asset:angular2/lib/src/core/reflection/reflector.dart",
                    "prefix": null,
                    "value": null
                  },
                  "identifierIsInstance": false
                },
                "value": null,
                "isAttribute": false,
                "isSelf": false,
                "isHost": false,
                "isSkipSelf": false,
                "isOptional": false,
                "isValue": false
              }
            ]
          },
          "useExisting": null,
          "useValue": null,
          "useFactory": null,
          "useProperty": null,
          "multi": false,
          "deps": null
        }
      ]
    },
    "createCompilerConfig": {
      "class": "Identifier",
      "name": "createCompilerConfig",
      "moduleUrl": "asset:angular2/lib/src/compiler/compiler.dart",
      "prefix": null,
      "value": null
    },
    "ProviderAstType": {
      "class": "Identifier",
      "name": "ProviderAstType",
      "moduleUrl": "asset:angular2/lib/src/compiler/template_ast.dart",
      "prefix": null,
      "value": null
    },
    "PropertyBindingType": {
      "class": "Identifier",
      "name": "PropertyBindingType",
      "moduleUrl": "asset:angular2/lib/src/compiler/template_ast.dart",
      "prefix": null,
      "value": null
    },
    "TemplateAst": {
      "class": "Identifier",
      "name": "TemplateAst",
      "moduleUrl": "asset:angular2/lib/src/compiler/template_ast.dart",
      "prefix": null,
      "value": null
    },
    "TextAst": {
      "class": "Identifier",
      "name": "TextAst",
      "moduleUrl": "asset:angular2/lib/src/compiler/template_ast.dart",
      "prefix": null,
      "value": null
    },
    "BoundTextAst": {
      "class": "Identifier",
      "name": "BoundTextAst",
      "moduleUrl": "asset:angular2/lib/src/compiler/template_ast.dart",
      "prefix": null,
      "value": null
    },
    "AttrAst": {
      "class": "Identifier",
      "name": "AttrAst",
      "moduleUrl": "asset:angular2/lib/src/compiler/template_ast.dart",
      "prefix": null,
      "value": null
    },
    "BoundElementPropertyAst": {
      "class": "Identifier",
      "name": "BoundElementPropertyAst",
      "moduleUrl": "asset:angular2/lib/src/compiler/template_ast.dart",
      "prefix": null,
      "value": null
    },
    "BoundEventAst": {
      "class": "Identifier",
      "name": "BoundEventAst",
      "moduleUrl": "asset:angular2/lib/src/compiler/template_ast.dart",
      "prefix": null,
      "value": null
    },
    "ReferenceAst": {
      "class": "Identifier",
      "name": "ReferenceAst",
      "moduleUrl": "asset:angular2/lib/src/compiler/template_ast.dart",
      "prefix": null,
      "value": null
    },
    "VariableAst": {
      "class": "Identifier",
      "name": "VariableAst",
      "moduleUrl": "asset:angular2/lib/src/compiler/template_ast.dart",
      "prefix": null,
      "value": null
    },
    "ElementAst": {
      "class": "Identifier",
      "name": "ElementAst",
      "moduleUrl": "asset:angular2/lib/src/compiler/template_ast.dart",
      "prefix": null,
      "value": null
    },
    "EmbeddedTemplateAst": {
      "class": "Identifier",
      "name": "EmbeddedTemplateAst",
      "moduleUrl": "asset:angular2/lib/src/compiler/template_ast.dart",
      "prefix": null,
      "value": null
    },
    "BoundDirectivePropertyAst": {
      "class": "Identifier",
      "name": "BoundDirectivePropertyAst",
      "moduleUrl": "asset:angular2/lib/src/compiler/template_ast.dart",
      "prefix": null,
      "value": null
    },
    "DirectiveAst": {
      "class": "Identifier",
      "name": "DirectiveAst",
      "moduleUrl": "asset:angular2/lib/src/compiler/template_ast.dart",
      "prefix": null,
      "value": null
    },
    "ProviderAst": {
      "class": "Identifier",
      "name": "ProviderAst",
      "moduleUrl": "asset:angular2/lib/src/compiler/template_ast.dart",
      "prefix": null,
      "value": null
    },
    "NgContentAst": {
      "class": "Identifier",
      "name": "NgContentAst",
      "moduleUrl": "asset:angular2/lib/src/compiler/template_ast.dart",
      "prefix": null,
      "value": null
    },
    "TemplateAstVisitor": {
      "class": "Identifier",
      "name": "TemplateAstVisitor",
      "moduleUrl": "asset:angular2/lib/src/compiler/template_ast.dart",
      "prefix": null,
      "value": null
    },
    "templateVisitAll": {
      "class": "Identifier",
      "name": "templateVisitAll",
      "moduleUrl": "asset:angular2/lib/src/compiler/template_ast.dart",
      "prefix": null,
      "value": null
    },
    "_ASSET_SCHEME": {
      "class": "Identifier",
      "name": "_ASSET_SCHEME",
      "moduleUrl": "asset:angular2/lib/src/compiler/url_resolver.dart",
      "prefix": null,
      "value": null
    },
    "DEFAULT_PACKAGE_URL_PROVIDER": {
      "class": "Identifier",
      "name": "DEFAULT_PACKAGE_URL_PROVIDER",
      "moduleUrl": "asset:angular2/lib/src/compiler/url_resolver.dart",
      "prefix": null,
      "value": [
        {
          "class": "Provider",
          "token": {
            "value": null,
            "identifier": {
              "class": "Identifier",
              "name": "PACKAGE_ROOT_URL",
              "moduleUrl": "asset:angular2/lib/src/core/application_tokens.dart",
              "prefix": null,
              "value": null
            },
            "identifierIsInstance": false
          },
          "useClass": null,
          "useExisting": null,
          "useValue": "/packages",
          "useFactory": null,
          "useProperty": null,
          "multi": false,
          "deps": null
        }
      ]
    },
    "createUrlResolverWithoutPackagePrefix": {
      "class": "Identifier",
      "name": "createUrlResolverWithoutPackagePrefix",
      "moduleUrl": "asset:angular2/lib/src/compiler/url_resolver.dart",
      "prefix": null,
      "value": null
    },
    "createOfflineCompileUrlResolver": {
      "class": "Identifier",
      "name": "createOfflineCompileUrlResolver",
      "moduleUrl": "asset:angular2/lib/src/compiler/url_resolver.dart",
      "prefix": null,
      "value": null
    },
    "UrlResolver": {
      "class": "Type",
      "name": "UrlResolver",
      "moduleUrl": "asset:angular2/lib/src/compiler/url_resolver.dart",
      "prefix": null,
      "isHost": false,
      "value": null,
      "diDeps": [
        {
          "token": {
            "value": null,
            "identifier": {
              "class": "Identifier",
              "name": "PACKAGE_ROOT_URL",
              "moduleUrl": "asset:angular2/lib/src/core/application_tokens.dart",
              "prefix": null,
              "value": null
            },
            "identifierIsInstance": false
          },
          "value": null,
          "isAttribute": false,
          "isSelf": false,
          "isHost": false,
          "isSkipSelf": false,
          "isOptional": false,
          "isValue": false
        }
      ]
    },
    "_removeLeadingChars": {
      "class": "Identifier",
      "name": "_removeLeadingChars",
      "moduleUrl": "asset:angular2/lib/src/compiler/url_resolver.dart",
      "prefix": null,
      "value": null
    },
    "_removeTrailingSlash": {
      "class": "Identifier",
      "name": "_removeTrailingSlash",
      "moduleUrl": "asset:angular2/lib/src/compiler/url_resolver.dart",
      "prefix": null,
      "value": null
    },
    "getUrlScheme": {
      "class": "Identifier",
      "name": "getUrlScheme",
      "moduleUrl": "asset:angular2/lib/src/compiler/url_resolver.dart",
      "prefix": null,
      "value": null
    },
    "XHR": {
      "class": "Identifier",
      "name": "XHR",
      "moduleUrl": "asset:angular2/lib/src/compiler/xhr.dart",
      "prefix": null,
      "value": null
    },
    "PLATFORM_DIRECTIVES": {
      "class": "Identifier",
      "name": "PLATFORM_DIRECTIVES",
      "moduleUrl": "asset:angular2/lib/src/core/platform_directives_and_pipes.dart",
      "prefix": null,
      "value": null
    },
    "PLATFORM_PIPES": {
      "class": "Identifier",
      "name": "PLATFORM_PIPES",
      "moduleUrl": "asset:angular2/lib/src/core/platform_directives_and_pipes.dart",
      "prefix": null,
      "value": null
    },
    "CompileMetadataWithIdentifier": {
      "class": "Identifier",
      "name": "CompileMetadataWithIdentifier",
      "moduleUrl": "asset:angular2/lib/src/compiler/compile_metadata.dart",
      "prefix": null,
      "value": null
    },
    "CompileMetadataWithType": {
      "class": "Identifier",
      "name": "CompileMetadataWithType",
      "moduleUrl": "asset:angular2/lib/src/compiler/compile_metadata.dart",
      "prefix": null,
      "value": null
    },
    "metadataFromJson": {
      "class": "Identifier",
      "name": "metadataFromJson",
      "moduleUrl": "asset:angular2/lib/src/compiler/compile_metadata.dart",
      "prefix": null,
      "value": null
    },
    "CompileIdentifierMetadata": {
      "class": "Identifier",
      "name": "CompileIdentifierMetadata",
      "moduleUrl": "asset:angular2/lib/src/compiler/compile_metadata.dart",
      "prefix": null,
      "value": null
    },
    "CompileDiDependencyMetadata": {
      "class": "Identifier",
      "name": "CompileDiDependencyMetadata",
      "moduleUrl": "asset:angular2/lib/src/compiler/compile_metadata.dart",
      "prefix": null,
      "value": null
    },
    "CompileProviderMetadata": {
      "class": "Identifier",
      "name": "CompileProviderMetadata",
      "moduleUrl": "asset:angular2/lib/src/compiler/compile_metadata.dart",
      "prefix": null,
      "value": null
    },
    "CompileFactoryMetadata": {
      "class": "Identifier",
      "name": "CompileFactoryMetadata",
      "moduleUrl": "asset:angular2/lib/src/compiler/compile_metadata.dart",
      "prefix": null,
      "value": null
    },
    "CompileTokenMetadata": {
      "class": "Identifier",
      "name": "CompileTokenMetadata",
      "moduleUrl": "asset:angular2/lib/src/compiler/compile_metadata.dart",
      "prefix": null,
      "value": null
    },
    "CompileTokenMap": {
      "class": "Identifier",
      "name": "CompileTokenMap",
      "moduleUrl": "asset:angular2/lib/src/compiler/compile_metadata.dart",
      "prefix": null,
      "value": null
    },
    "CompileTypeMetadata": {
      "class": "Identifier",
      "name": "CompileTypeMetadata",
      "moduleUrl": "asset:angular2/lib/src/compiler/compile_metadata.dart",
      "prefix": null,
      "value": null
    },
    "CompileQueryMetadata": {
      "class": "Identifier",
      "name": "CompileQueryMetadata",
      "moduleUrl": "asset:angular2/lib/src/compiler/compile_metadata.dart",
      "prefix": null,
      "value": null
    },
    "CompileTemplateMetadata": {
      "class": "Identifier",
      "name": "CompileTemplateMetadata",
      "moduleUrl": "asset:angular2/lib/src/compiler/compile_metadata.dart",
      "prefix": null,
      "value": null
    },
    "CompileDirectiveMetadata": {
      "class": "Identifier",
      "name": "CompileDirectiveMetadata",
      "moduleUrl": "asset:angular2/lib/src/compiler/compile_metadata.dart",
      "prefix": null,
      "value": null
    },
    "createHostComponentMeta": {
      "class": "Identifier",
      "name": "createHostComponentMeta",
      "moduleUrl": "asset:angular2/lib/src/compiler/compile_metadata.dart",
      "prefix": null,
      "value": null
    },
    "CompilePipeMetadata": {
      "class": "Identifier",
      "name": "CompilePipeMetadata",
      "moduleUrl": "asset:angular2/lib/src/compiler/compile_metadata.dart",
      "prefix": null,
      "value": null
    },
    "_arrayFromJson": {
      "class": "Identifier",
      "name": "_arrayFromJson",
      "moduleUrl": "asset:angular2/lib/src/compiler/compile_metadata.dart",
      "prefix": null,
      "value": null
    },
    "_arrayToJson": {
      "class": "Identifier",
      "name": "_arrayToJson",
      "moduleUrl": "asset:angular2/lib/src/compiler/compile_metadata.dart",
      "prefix": null,
      "value": null
    },
    "_objFromJson": {
      "class": "Identifier",
      "name": "_objFromJson",
      "moduleUrl": "asset:angular2/lib/src/compiler/compile_metadata.dart",
      "prefix": null,
      "value": null
    },
    "_objToJson": {
      "class": "Identifier",
      "name": "_objToJson",
      "moduleUrl": "asset:angular2/lib/src/compiler/compile_metadata.dart",
      "prefix": null,
      "value": null
    },
    "CompilerConfig": {
      "class": "Identifier",
      "name": "CompilerConfig",
      "moduleUrl": "asset:angular2/lib/src/compiler/config.dart",
      "prefix": null,
      "value": null
    },
    "_isDirectiveMetadata": {
      "class": "Identifier",
      "name": "_isDirectiveMetadata",
      "moduleUrl": "asset:angular2/lib/src/compiler/directive_resolver.dart",
      "prefix": null,
      "value": null
    },
    "NoDirectiveAnnotationError": {
      "class": "Identifier",
      "name": "NoDirectiveAnnotationError",
      "moduleUrl": "asset:angular2/lib/src/compiler/directive_resolver.dart",
      "prefix": null,
      "value": null
    },
    "DirectiveResolver": {
      "class": "Type",
      "name": "DirectiveResolver",
      "moduleUrl": "asset:angular2/lib/src/compiler/directive_resolver.dart",
      "prefix": null,
      "isHost": false,
      "value": null,
      "diDeps": [
        {
          "token": {
            "value": null,
            "identifier": {
              "class": "Identifier",
              "name": "Reflector",
              "moduleUrl": "asset:angular2/lib/src/core/reflection/reflector.dart",
              "prefix": null,
              "value": null
            },
            "identifierIsInstance": false
          },
          "value": null,
          "isAttribute": false,
          "isSelf": false,
          "isHost": false,
          "isSkipSelf": false,
          "isOptional": false,
          "isValue": false
        }
      ]
    },
    "SourceModule": {
      "class": "Identifier",
      "name": "SourceModule",
      "moduleUrl": "asset:angular2/lib/src/compiler/offline_compiler.dart",
      "prefix": null,
      "value": null
    },
    "NormalizedComponentWithViewDirectives": {
      "class": "Identifier",
      "name": "NormalizedComponentWithViewDirectives",
      "moduleUrl": "asset:angular2/lib/src/compiler/offline_compiler.dart",
      "prefix": null,
      "value": null
    },
    "OfflineCompiler": {
      "class": "Identifier",
      "name": "OfflineCompiler",
      "moduleUrl": "asset:angular2/lib/src/compiler/offline_compiler.dart",
      "prefix": null,
      "value": null
    },
    "_resolveViewStatements": {
      "class": "Identifier",
      "name": "_resolveViewStatements",
      "moduleUrl": "asset:angular2/lib/src/compiler/offline_compiler.dart",
      "prefix": null,
      "value": null
    },
    "_resolveStyleStatements": {
      "class": "Identifier",
      "name": "_resolveStyleStatements",
      "moduleUrl": "asset:angular2/lib/src/compiler/offline_compiler.dart",
      "prefix": null,
      "value": null
    },
    "_templateModuleUrl": {
      "class": "Identifier",
      "name": "_templateModuleUrl",
      "moduleUrl": "asset:angular2/lib/src/compiler/offline_compiler.dart",
      "prefix": null,
      "value": null
    },
    "_stylesModuleUrl": {
      "class": "Identifier",
      "name": "_stylesModuleUrl",
      "moduleUrl": "asset:angular2/lib/src/compiler/offline_compiler.dart",
      "prefix": null,
      "value": null
    },
    "_assertComponent": {
      "class": "Identifier",
      "name": "_assertComponent",
      "moduleUrl": "asset:angular2/lib/src/compiler/offline_compiler.dart",
      "prefix": null,
      "value": null
    },
    "PipeResolver": {
      "class": "Type",
      "name": "PipeResolver",
      "moduleUrl": "asset:angular2/lib/src/compiler/pipe_resolver.dart",
      "prefix": null,
      "isHost": false,
      "value": null,
      "diDeps": [
        {
          "token": {
            "value": null,
            "identifier": {
              "class": "Identifier",
              "name": "Reflector",
              "moduleUrl": "asset:angular2/lib/src/core/reflection/reflector.dart",
              "prefix": null,
              "value": null
            },
            "identifierIsInstance": false
          },
          "value": null,
          "isAttribute": false,
          "isSelf": false,
          "isHost": false,
          "isSkipSelf": false,
          "isOptional": false,
          "isValue": false
        }
      ]
    },
    "_isPipeMetadata": {
      "class": "Identifier",
      "name": "_isPipeMetadata",
      "moduleUrl": "asset:angular2/lib/src/compiler/pipe_resolver.dart",
      "prefix": null,
      "value": null
    },
    "ViewResolver": {
      "class": "Type",
      "name": "ViewResolver",
      "moduleUrl": "asset:angular2/lib/src/compiler/view_resolver.dart",
      "prefix": null,
      "isHost": false,
      "value": null,
      "diDeps": [
        {
          "token": {
            "value": null,
            "identifier": {
              "class": "Identifier",
              "name": "Reflector",
              "moduleUrl": "asset:angular2/lib/src/core/reflection/reflector.dart",
              "prefix": null,
              "value": null
            },
            "identifierIsInstance": false
          },
          "value": null,
          "isAttribute": false,
          "isSelf": false,
          "isHost": false,
          "isSkipSelf": false,
          "isOptional": false,
          "isValue": false
        }
      ]
    }
  },
  "alias": {}
}