{
  "ngDeps": {
    "1": "",
    "3": [
      {
        "1": "src/core/reflection/reflection_capabilities.dart",
        "5": false
      },
      {
        "1": "src/core/reflection/reflection.dart",
        "5": false
      }
    ],
    "6": "reflection.dart"
  },
  "type": {
    "allowRuntimeReflection": {
      "class": "Identifier",
      "name": "allowRuntimeReflection",
      "moduleUrl": "asset:angular2/lib/reflection.dart",
      "prefix": null,
      "value": null
    },
    "isReflectionEnabled": {
      "class": "Identifier",
      "name": "isReflectionEnabled",
      "moduleUrl": "asset:angular2/lib/reflection.dart",
      "prefix": null,
      "value": null
    }
  },
  "alias": {}
}