{
  "ngDeps": {
    "1": "",
    "3": [
      {
        "1": "package:angular2/src/facade/base_wrapped_exception.dart",
        "2": [
          "BaseWrappedException"
        ],
        "5": false
      }
    ],
    "6": "exception_handler.dart"
  },
  "type": {
    "_ArrayLogger": {
      "class": "Identifier",
      "name": "_ArrayLogger",
      "moduleUrl": "asset:angular2/lib/src/facade/exception_handler.dart",
      "prefix": null,
      "value": null
    },
    "ExceptionHandler": {
      "class": "Identifier",
      "name": "ExceptionHandler",
      "moduleUrl": "asset:angular2/lib/src/facade/exception_handler.dart",
      "prefix": null,
      "value": null
    }
  },
  "alias": {}
}