{
  "ngDeps": {
    "1": "",
    "3": [
      {
        "1": "package:intl/intl.dart",
        "5": false
      }
    ],
    "6": "intl.dart"
  },
  "type": {
    "NumberFormatStyle": {
      "class": "Identifier",
      "name": "NumberFormatStyle",
      "moduleUrl": "asset:angular2/lib/src/facade/intl.dart",
      "prefix": null,
      "value": null
    },
    "_normalizeLocale": {
      "class": "Identifier",
      "name": "_normalizeLocale",
      "moduleUrl": "asset:angular2/lib/src/facade/intl.dart",
      "prefix": null,
      "value": null
    },
    "NumberFormatter": {
      "class": "Identifier",
      "name": "NumberFormatter",
      "moduleUrl": "asset:angular2/lib/src/facade/intl.dart",
      "prefix": null,
      "value": null
    },
    "DateFormatter": {
      "class": "Identifier",
      "name": "DateFormatter",
      "moduleUrl": "asset:angular2/lib/src/facade/intl.dart",
      "prefix": null,
      "value": null
    }
  },
  "alias": {}
}