{
  "ngDeps": null,
  "type": {
    "_IS_DART_VM": {
      "class": "Identifier",
      "name": "_IS_DART_VM",
      "moduleUrl": "asset:angular2/lib/src/facade/lang.dart",
      "prefix": null,
      "value": null
    },
    "stringify": {
      "class": "Identifier",
      "name": "stringify",
      "moduleUrl": "asset:angular2/lib/src/facade/lang.dart",
      "prefix": null,
      "value": null
    },
    "resolveEnumToken": {
      "class": "Identifier",
      "name": "resolveEnumToken",
      "moduleUrl": "asset:angular2/lib/src/facade/lang.dart",
      "prefix": null,
      "value": null
    },
    "jsSplit": {
      "class": "Identifier",
      "name": "jsSplit",
      "moduleUrl": "asset:angular2/lib/src/facade/lang.dart",
      "prefix": null,
      "value": null
    },
    "looseIdentical": {
      "class": "Identifier",
      "name": "looseIdentical",
      "moduleUrl": "asset:angular2/lib/src/facade/lang.dart",
      "prefix": null,
      "value": null
    },
    "_looseIdentical": {
      "class": "Identifier",
      "name": "_looseIdentical",
      "moduleUrl": "asset:angular2/lib/src/facade/lang.dart",
      "prefix": null,
      "value": null
    },
    "assertionsEnabled": {
      "class": "Identifier",
      "name": "assertionsEnabled",
      "moduleUrl": "asset:angular2/lib/src/facade/lang.dart",
      "prefix": null,
      "value": null
    },
    "Json": {
      "class": "Identifier",
      "name": "Json",
      "moduleUrl": "asset:angular2/lib/src/facade/lang.dart",
      "prefix": null,
      "value": null
    },
    "isPrimitive": {
      "class": "Identifier",
      "name": "isPrimitive",
      "moduleUrl": "asset:angular2/lib/src/facade/lang.dart",
      "prefix": null,
      "value": null
    },
    "bitWiseOr": {
      "class": "Identifier",
      "name": "bitWiseOr",
      "moduleUrl": "asset:angular2/lib/src/facade/lang.dart",
      "prefix": null,
      "value": null
    },
    "bitWiseAnd": {
      "class": "Identifier",
      "name": "bitWiseAnd",
      "moduleUrl": "asset:angular2/lib/src/facade/lang.dart",
      "prefix": null,
      "value": null
    }
  },
  "alias": {}
}