{
  "ngDeps": {
    "1": "",
    "3": [
      {
        "1": "dart:async",
        "5": false
      },
      {
        "1": "package:angular2/src/platform/server/html_adapter.dart",
        "5": false
      },
      {
        "1": "package:angular2/src/transform/common/asset_reader.dart",
        "5": false
      },
      {
        "1": "package:angular2/src/transform/common/names.dart",
        "5": false
      },
      {
        "1": "package:angular2/src/transform/common/zone.dart",
        "4": "zone",
        "5": false
      },
      {
        "1": "package:barback/barback.dart",
        "5": false
      },
      {
        "1": "processor.dart",
        "5": false
      }
    ],
    "6": "transformer.dart"
  },
  "type": {
    "StylesheetCompiler": {
      "class": "Identifier",
      "name": "StylesheetCompiler",
      "moduleUrl": "asset:angular2/lib/src/transform/stylesheet_compiler/transformer.dart",
      "prefix": null,
      "value": null
    }
  },
  "alias": {}
}