{
  "ngDeps": {
    "1": "",
    "3": [
      {
        "1": "package:analyzer/analyzer.dart",
        "5": false
      },
      {
        "1": "package:analyzer/src/generated/java_core.dart",
        "5": false
      }
    ],
    "6": "constify.dart"
  },
  "type": {
    "constify": {
      "class": "Identifier",
      "name": "constify",
      "moduleUrl": "asset:angular2/lib/src/transform/common/code/constify.dart",
      "prefix": null,
      "value": null
    },
    "_ConstifyingVisitor": {
      "class": "Identifier",
      "name": "_ConstifyingVisitor",
      "moduleUrl": "asset:angular2/lib/src/transform/common/code/constify.dart",
      "prefix": null,
      "value": null
    }
  },
  "alias": {}
}