{
  "ngDeps": {
    "1": "",
    "3": [
      {
        "1": "package:analyzer/analyzer.dart",
        "5": false
      },
      {
        "1": "package:angular2/src/transform/common/annotation_matcher.dart",
        "5": false
      },
      {
        "1": "package:angular2/src/transform/common/model/import_export_model.pb.dart",
        "5": false
      },
      {
        "1": "package:angular2/src/transform/common/model/ng_deps_model.pb.dart",
        "5": false
      },
      {
        "1": "package:angular2/src/transform/common/names.dart",
        "5": false
      },
      {
        "1": "package:barback/barback.dart",
        "2": [
          "AssetId"
        ],
        "5": false
      },
      {
        "1": "package:path/path.dart",
        "4": "path",
        "5": false
      },
      {
        "1": "annotation_code.dart",
        "5": false
      },
      {
        "1": "import_export_code.dart",
        "5": false
      },
      {
        "1": "parameter_code.dart",
        "5": false
      },
      {
        "1": "reflection_info_code.dart",
        "5": false
      }
    ],
    "6": "ng_deps_code.dart"
  },
  "type": {
    "_ignoredProblems": {
      "class": "Identifier",
      "name": "_ignoredProblems",
      "moduleUrl": "asset:angular2/lib/src/transform/common/code/ng_deps_code.dart",
      "prefix": null,
      "value": null
    },
    "_ignoredRealTemplateIssues": {
      "class": "Identifier",
      "name": "_ignoredRealTemplateIssues",
      "moduleUrl": "asset:angular2/lib/src/transform/common/code/ng_deps_code.dart",
      "prefix": null,
      "value": null
    },
    "NgDepsVisitor": {
      "class": "Identifier",
      "name": "NgDepsVisitor",
      "moduleUrl": "asset:angular2/lib/src/transform/common/code/ng_deps_code.dart",
      "prefix": null,
      "value": null
    },
    "NgDepsWriter": {
      "class": "Identifier",
      "name": "NgDepsWriter",
      "moduleUrl": "asset:angular2/lib/src/transform/common/code/ng_deps_code.dart",
      "prefix": null,
      "value": null
    },
    "NgDepsWriterMixin": {
      "class": "Identifier",
      "name": "NgDepsWriterMixin",
      "moduleUrl": "asset:angular2/lib/src/transform/common/code/ng_deps_code.dart",
      "prefix": null,
      "value": null
    }
  },
  "alias": {}
}