{
  "ngDeps": {
    "1": "",
    "3": [
      {
        "1": "package:analyzer/analyzer.dart",
        "5": false
      },
      {
        "1": "package:analyzer/dart/ast/ast.dart",
        "5": false
      },
      {
        "1": "package:angular2/src/transform/common/logging.dart",
        "5": false
      },
      {
        "1": "package:angular2/src/transform/common/model/parameter_model.pb.dart",
        "5": false
      },
      {
        "1": "constify.dart",
        "5": false
      }
    ],
    "6": "parameter_code.dart",
    "7": [
      {
        "1": "package:angular2/src/transform/common/logging.template.dart",
        "4": "i0"
      },
      {
        "1": "package:angular2/src/transform/common/model/parameter_model.pb.template.dart",
        "4": "i1"
      },
      {
        "1": "constify.template.dart",
        "4": "i2"
      }
    ]
  },
  "type": {
    "ParameterVisitor": {
      "class": "Identifier",
      "name": "ParameterVisitor",
      "moduleUrl": "asset:angular2/lib/src/transform/common/code/parameter_code.dart",
      "prefix": null,
      "value": null
    },
    "ParameterWriterMixin": {
      "class": "Identifier",
      "name": "ParameterWriterMixin",
      "moduleUrl": "asset:angular2/lib/src/transform/common/code/parameter_code.dart",
      "prefix": null,
      "value": null
    }
  },
  "alias": {}
}