{
  "ngDeps": {
    "1": "",
    "3": [
      {
        "1": "package:analyzer/dart/ast/token.dart",
        "2": [
          "Keyword"
        ],
        "5": false
      },
      {
        "1": "package:angular2/src/compiler/offline_compiler.dart",
        "5": false
      },
      {
        "1": "package:angular2/src/transform/common/model/ng_deps_model.pb.dart",
        "5": false
      },
      {
        "1": "ng_deps_code.dart",
        "5": false
      }
    ],
    "6": "source_module.dart",
    "7": [
      {
        "1": "package:angular2/src/compiler/offline_compiler.template.dart",
        "4": "i0"
      },
      {
        "1": "package:angular2/src/transform/common/model/ng_deps_model.pb.template.dart",
        "4": "i1"
      },
      {
        "1": "ng_deps_code.template.dart",
        "4": "i2"
      }
    ]
  },
  "type": {
    "writeSourceModule": {
      "class": "Identifier",
      "name": "writeSourceModule",
      "moduleUrl": "asset:angular2/lib/src/transform/common/code/source_module.dart",
      "prefix": null,
      "value": null
    },
    "writeTemplateFile": {
      "class": "Identifier",
      "name": "writeTemplateFile",
      "moduleUrl": "asset:angular2/lib/src/transform/common/code/source_module.dart",
      "prefix": null,
      "value": null
    },
    "_sanitizeLibName": {
      "class": "Identifier",
      "name": "_sanitizeLibName",
      "moduleUrl": "asset:angular2/lib/src/transform/common/code/source_module.dart",
      "prefix": null,
      "value": null
    }
  },
  "alias": {}
}