{
  "ngDeps": {
    "1": "",
    "3": [
      {
        "1": "package:angular2/src/core/di.dart",
        "2": [
          "Injectable"
        ],
        "5": false
      },
      {
        "1": "package:angular2/src/core/security.dart",
        "5": false
      },
      {
        "1": "element_schema_registry.dart",
        "2": [
          "ElementSchemaRegistry"
        ],
        "5": false
      }
    ],
    "5": [
      {
        "1": "DomElementSchemaRegistry",
        "4": [
          {
            "1": "Injectable",
            "4": false
          }
        ]
      }
    ],
    "6": "dom_element_schema_registry.dart",
    "7": [
      {
        "1": "package:angular2/src/core/di.template.dart",
        "4": "i0"
      },
      {
        "1": "package:angular2/src/core/security.template.dart",
        "4": "i1"
      },
      {
        "1": "element_schema_registry.template.dart",
        "4": "i2"
      }
    ]
  },
  "type": {
    "EVENT": {
      "class": "Identifier",
      "name": "EVENT",
      "moduleUrl": "asset:angular2/lib/src/compiler/schema/dom_element_schema_registry.dart",
      "prefix": null,
      "value": null
    },
    "BOOLEAN": {
      "class": "Identifier",
      "name": "BOOLEAN",
      "moduleUrl": "asset:angular2/lib/src/compiler/schema/dom_element_schema_registry.dart",
      "prefix": null,
      "value": null
    },
    "NUMBER": {
      "class": "Identifier",
      "name": "NUMBER",
      "moduleUrl": "asset:angular2/lib/src/compiler/schema/dom_element_schema_registry.dart",
      "prefix": null,
      "value": null
    },
    "STRING": {
      "class": "Identifier",
      "name": "STRING",
      "moduleUrl": "asset:angular2/lib/src/compiler/schema/dom_element_schema_registry.dart",
      "prefix": null,
      "value": null
    },
    "OBJECT": {
      "class": "Identifier",
      "name": "OBJECT",
      "moduleUrl": "asset:angular2/lib/src/compiler/schema/dom_element_schema_registry.dart",
      "prefix": null,
      "value": null
    },
    "SCHEMA": {
      "class": "Identifier",
      "name": "SCHEMA",
      "moduleUrl": "asset:angular2/lib/src/compiler/schema/dom_element_schema_registry.dart",
      "prefix": null,
      "value": null
    },
    "attrToPropMap": {
      "class": "Identifier",
      "name": "attrToPropMap",
      "moduleUrl": "asset:angular2/lib/src/compiler/schema/dom_element_schema_registry.dart",
      "prefix": null,
      "value": null
    },
    "DomElementSchemaRegistry": {
      "class": "Type",
      "name": "DomElementSchemaRegistry",
      "moduleUrl": "asset:angular2/lib/src/compiler/schema/dom_element_schema_registry.dart",
      "prefix": null,
      "isHost": false,
      "value": null,
      "diDeps": []
    }
  },
  "alias": {}
}