{
  "ngDeps": {
    "1": "",
    "3": [
      {
        "1": "dart:async",
        "5": false
      },
      {
        "1": "package:angular2/compiler.dart",
        "2": [
          "UrlResolver"
        ],
        "5": false
      },
      {
        "1": "package:angular2/src/transform/common/asset_reader.dart",
        "5": false
      },
      {
        "1": "package:angular2/src/transform/common/logging.dart",
        "5": false
      },
      {
        "1": "package:angular2/src/transform/common/model/import_export_model.pb.dart",
        "5": false
      },
      {
        "1": "package:angular2/src/transform/common/model/ng_deps_model.pb.dart",
        "5": false
      },
      {
        "1": "package:angular2/src/transform/common/names.dart",
        "5": false
      },
      {
        "1": "package:angular2/src/transform/common/url_resolver.dart",
        "5": false
      },
      {
        "1": "package:barback/barback.dart",
        "5": false
      }
    ],
    "6": "ng_deps_linker.dart",
    "7": [
      {
        "1": "package:angular2/compiler.template.dart",
        "4": "i0"
      },
      {
        "1": "package:angular2/src/transform/common/asset_reader.template.dart",
        "4": "i1"
      },
      {
        "1": "package:angular2/src/transform/common/logging.template.dart",
        "4": "i2"
      },
      {
        "1": "package:angular2/src/transform/common/model/import_export_model.pb.template.dart",
        "4": "i3"
      },
      {
        "1": "package:angular2/src/transform/common/model/ng_deps_model.pb.template.dart",
        "4": "i4"
      },
      {
        "1": "package:angular2/src/transform/common/names.template.dart",
        "4": "i5"
      },
      {
        "1": "package:angular2/src/transform/common/url_resolver.template.dart",
        "4": "i6"
      }
    ]
  },
  "type": {
    "linkNgDeps": {
      "class": "Identifier",
      "name": "linkNgDeps",
      "moduleUrl": "asset:angular2/lib/src/transform/directive_metadata_linker/ng_deps_linker.dart",
      "prefix": null,
      "value": null
    },
    "_isNotDartDirective": {
      "class": "Identifier",
      "name": "_isNotDartDirective",
      "moduleUrl": "asset:angular2/lib/src/transform/directive_metadata_linker/ng_deps_linker.dart",
      "prefix": null,
      "value": null
    },
    "_processNgImports": {
      "class": "Identifier",
      "name": "_processNgImports",
      "moduleUrl": "asset:angular2/lib/src/transform/directive_metadata_linker/ng_deps_linker.dart",
      "prefix": null,
      "value": null
    }
  },
  "alias": {}
}