{
  "ngDeps": {
    "1": "",
    "3": [
      {
        "1": "dart:async",
        "5": false
      },
      {
        "1": "dart:convert",
        "5": false
      },
      {
        "1": "package:angular2/src/compiler/compile_metadata.dart",
        "5": false
      },
      {
        "1": "package:angular2/src/transform/common/asset_reader.dart",
        "5": false
      },
      {
        "1": "package:angular2/src/transform/common/logging.dart",
        "5": false
      },
      {
        "1": "package:angular2/src/transform/common/names.dart",
        "5": false
      },
      {
        "1": "package:angular2/src/transform/common/ng_meta.dart",
        "5": false
      },
      {
        "1": "package:angular2/src/transform/common/url_resolver.dart",
        "5": false
      },
      {
        "1": "package:barback/barback.dart",
        "5": false
      },
      {
        "1": "ng_deps_linker.dart",
        "5": false
      }
    ],
    "6": "ng_meta_linker.dart"
  },
  "type": {
    "linkDirectiveMetadata": {
      "class": "Identifier",
      "name": "linkDirectiveMetadata",
      "moduleUrl": "asset:angular2/lib/src/transform/directive_metadata_linker/ng_meta_linker.dart",
      "prefix": null,
      "value": null
    },
    "_readNgMeta": {
      "class": "Identifier",
      "name": "_readNgMeta",
      "moduleUrl": "asset:angular2/lib/src/transform/directive_metadata_linker/ng_meta_linker.dart",
      "prefix": null,
      "value": null
    },
    "_Linker": {
      "class": "Identifier",
      "name": "_Linker",
      "moduleUrl": "asset:angular2/lib/src/transform/directive_metadata_linker/ng_meta_linker.dart",
      "prefix": null,
      "value": null
    },
    "_NgMetaIdentifierResolver": {
      "class": "Identifier",
      "name": "_NgMetaIdentifierResolver",
      "moduleUrl": "asset:angular2/lib/src/transform/directive_metadata_linker/ng_meta_linker.dart",
      "prefix": null,
      "value": null
    }
  },
  "alias": {}
}