{
  "ngDeps": {
    "1": "",
    "3": [
      {
        "1": "dart:async",
        "5": false
      },
      {
        "1": "dart:convert",
        "5": false
      },
      {
        "1": "package:angular2/src/transform/common/asset_reader.dart",
        "5": false
      },
      {
        "1": "package:angular2/src/transform/common/logging.dart",
        "5": false
      },
      {
        "1": "package:angular2/src/transform/common/names.dart",
        "5": false
      },
      {
        "1": "package:angular2/src/transform/common/ng_meta.dart",
        "5": false
      },
      {
        "1": "package:angular2/src/transform/common/options.dart",
        "5": false
      },
      {
        "1": "package:angular2/src/transform/common/zone.dart",
        "4": "zone",
        "5": false
      },
      {
        "1": "package:barback/barback.dart",
        "5": false
      },
      {
        "1": "ng_meta_linker.dart",
        "5": false
      }
    ],
    "6": "transformer.dart"
  },
  "type": {
    "DirectiveMetadataLinker": {
      "class": "Identifier",
      "name": "DirectiveMetadataLinker",
      "moduleUrl": "asset:angular2/lib/src/transform/directive_metadata_linker/transformer.dart",
      "prefix": null,
      "value": null
    },
    "_ngLinkedAssetId": {
      "class": "Identifier",
      "name": "_ngLinkedAssetId",
      "moduleUrl": "asset:angular2/lib/src/transform/directive_metadata_linker/transformer.dart",
      "prefix": null,
      "value": null
    }
  },
  "alias": {}
}