{
  "ngDeps": {
    "1": "",
    "3": [
      {
        "1": "dart:html",
        "5": false
      },
      {
        "1": "package:angular2/src/core/di/decorators.dart",
        "2": [
          "Injectable"
        ],
        "5": false
      },
      {
        "1": "package:angular2/src/facade/browser.dart",
        "2": [
          "History",
          "Location"
        ],
        "5": false
      },
      {
        "1": "package:angular2/src/platform/dom/dom_adapter.dart",
        "2": [
          "DOM"
        ],
        "5": false
      },
      {
        "1": "platform_location.dart",
        "2": [
          "PlatformLocation"
        ],
        "5": false
      }
    ],
    "5": [
      {
        "1": "BrowserPlatformLocation",
        "4": [
          {
            "1": "Injectable",
            "4": false
          }
        ]
      }
    ],
    "6": "browser_platform_location.dart"
  },
  "type": {
    "BrowserPlatformLocation": {
      "class": "Type",
      "name": "BrowserPlatformLocation",
      "moduleUrl": "asset:angular2/lib/src/platform/browser/location/browser_platform_location.dart",
      "prefix": null,
      "isHost": false,
      "value": null,
      "diDeps": []
    }
  },
  "alias": {}
}