{
  "ngDeps": {
    "1": "",
    "3": [
      {
        "1": "dart:html",
        "4": "html",
        "5": false
      },
      {
        "1": "package:angular2/di.dart",
        "2": [
          "Injectable",
          "Inject",
          "Optional"
        ],
        "5": false
      },
      {
        "1": "package:angular2/src/facade/exceptions.dart",
        "2": [
          "BaseException"
        ],
        "5": false
      },
      {
        "1": "location.dart",
        "2": [
          "Location"
        ],
        "5": false
      },
      {
        "1": "location_strategy.dart",
        "2": [
          "LocationStrategy",
          "APP_BASE_HREF"
        ],
        "5": false
      },
      {
        "1": "platform_location.dart",
        "2": [
          "PlatformLocation"
        ],
        "5": false
      }
    ],
    "5": [
      {
        "1": "PathLocationStrategy",
        "4": [
          {
            "1": "Injectable",
            "4": false
          }
        ],
        "5": [
          {
            "1": "PlatformLocation",
            "4": "_platformLocation"
          },
          {
            "1": "String",
            "3": [
              "const Optional()",
              "const Inject(APP_BASE_HREF)"
            ],
            "4": "href"
          }
        ]
      }
    ],
    "6": "path_location_strategy.dart"
  },
  "type": {
    "PathLocationStrategy": {
      "class": "Type",
      "name": "PathLocationStrategy",
      "moduleUrl": "asset:angular2/lib/src/platform/browser/location/path_location_strategy.dart",
      "prefix": null,
      "isHost": false,
      "value": null,
      "diDeps": [
        {
          "token": {
            "value": null,
            "identifier": {
              "class": "Identifier",
              "name": "PlatformLocation",
              "moduleUrl": null,
              "prefix": null,
              "value": null
            },
            "identifierIsInstance": false
          },
          "value": null,
          "isAttribute": false,
          "isSelf": false,
          "isHost": false,
          "isSkipSelf": false,
          "isOptional": false,
          "isValue": false
        },
        {
          "token": {
            "value": null,
            "identifier": {
              "class": "Identifier",
              "name": "APP_BASE_HREF",
              "moduleUrl": null,
              "prefix": null,
              "value": null
            },
            "identifierIsInstance": false
          },
          "value": null,
          "isAttribute": false,
          "isSelf": false,
          "isHost": false,
          "isSkipSelf": false,
          "isOptional": true,
          "isValue": false
        }
      ]
    }
  },
  "alias": {}
}