{
  "ngDeps": {
    "1": "",
    "3": [
      {
        "1": "package:angular2/src/core/change_detection/change_detection.dart",
        "2": [
          "ChangeDetectorState",
          "ChangeDetectionStrategy"
        ],
        "5": false
      },
      {
        "1": "package:angular2/src/core/linker/view_type.dart",
        "2": [
          "ViewType"
        ],
        "5": false
      },
      {
        "1": "package:angular2/src/core/metadata/view.dart",
        "2": [
          "ViewEncapsulation"
        ],
        "5": false
      },
      {
        "1": "package:angular2/src/facade/lang.dart",
        "2": [
          "resolveEnumToken"
        ],
        "5": false
      },
      {
        "1": "../compile_metadata.dart",
        "2": [
          "CompileIdentifierMetadata"
        ],
        "5": false
      },
      {
        "1": "../identifiers.dart",
        "2": [
          "Identifiers"
        ],
        "5": false
      },
      {
        "1": "../output/output_ast.dart",
        "4": "o",
        "5": false
      }
    ],
    "6": "constants.dart",
    "7": [
      {
        "1": "package:angular2/src/core/change_detection/change_detection.template.dart",
        "4": "i0"
      },
      {
        "1": "package:angular2/src/core/linker/view_type.template.dart",
        "4": "i1"
      },
      {
        "1": "package:angular2/src/core/metadata/view.template.dart",
        "4": "i2"
      },
      {
        "1": "package:angular2/src/facade/lang.template.dart",
        "4": "i3"
      },
      {
        "1": "../compile_metadata.template.dart",
        "4": "i4"
      },
      {
        "1": "../identifiers.template.dart",
        "4": "i5"
      },
      {
        "1": "../output/output_ast.template.dart",
        "4": "i6"
      }
    ]
  },
  "type": {
    "_enumExpression": {
      "class": "Identifier",
      "name": "_enumExpression",
      "moduleUrl": "asset:angular2/lib/src/compiler/view_compiler/constants.dart",
      "prefix": null,
      "value": null
    },
    "ViewTypeEnum": {
      "class": "Identifier",
      "name": "ViewTypeEnum",
      "moduleUrl": "asset:angular2/lib/src/compiler/view_compiler/constants.dart",
      "prefix": null,
      "value": null
    },
    "ViewEncapsulationEnum": {
      "class": "Identifier",
      "name": "ViewEncapsulationEnum",
      "moduleUrl": "asset:angular2/lib/src/compiler/view_compiler/constants.dart",
      "prefix": null,
      "value": null
    },
    "ChangeDetectorStateEnum": {
      "class": "Identifier",
      "name": "ChangeDetectorStateEnum",
      "moduleUrl": "asset:angular2/lib/src/compiler/view_compiler/constants.dart",
      "prefix": null,
      "value": null
    },
    "ChangeDetectionStrategyEnum": {
      "class": "Identifier",
      "name": "ChangeDetectionStrategyEnum",
      "moduleUrl": "asset:angular2/lib/src/compiler/view_compiler/constants.dart",
      "prefix": null,
      "value": null
    },
    "ViewConstructorVars": {
      "class": "Identifier",
      "name": "ViewConstructorVars",
      "moduleUrl": "asset:angular2/lib/src/compiler/view_compiler/constants.dart",
      "prefix": null,
      "value": null
    },
    "ViewProperties": {
      "class": "Identifier",
      "name": "ViewProperties",
      "moduleUrl": "asset:angular2/lib/src/compiler/view_compiler/constants.dart",
      "prefix": null,
      "value": null
    },
    "EventHandlerVars": {
      "class": "Identifier",
      "name": "EventHandlerVars",
      "moduleUrl": "asset:angular2/lib/src/compiler/view_compiler/constants.dart",
      "prefix": null,
      "value": null
    },
    "InjectMethodVars": {
      "class": "Identifier",
      "name": "InjectMethodVars",
      "moduleUrl": "asset:angular2/lib/src/compiler/view_compiler/constants.dart",
      "prefix": null,
      "value": null
    },
    "DetectChangesVars": {
      "class": "Identifier",
      "name": "DetectChangesVars",
      "moduleUrl": "asset:angular2/lib/src/compiler/view_compiler/constants.dart",
      "prefix": null,
      "value": null
    }
  },
  "alias": {}
}