{
  "ngDeps": {
    "1": "",
    "3": [
      {
        "1": "package:angular2/src/core/change_detection/change_detection.dart",
        "2": [
          "ChangeDetectionStrategy"
        ],
        "5": false
      },
      {
        "1": "package:angular2/src/core/di.dart",
        "2": [
          "Injectable"
        ],
        "5": false
      },
      {
        "1": "../compile_metadata.dart",
        "2": [
          "CompileDirectiveMetadata",
          "CompilePipeMetadata"
        ],
        "5": false
      },
      {
        "1": "../config.dart",
        "2": [
          "CompilerConfig"
        ],
        "5": false
      },
      {
        "1": "../identifiers.dart",
        "5": false
      },
      {
        "1": "../output/output_ast.dart",
        "4": "o",
        "5": false
      },
      {
        "1": "../style_compiler.dart",
        "2": [
          "StylesCompileResult"
        ],
        "5": false
      },
      {
        "1": "../template_ast.dart",
        "2": [
          "TemplateAst",
          "templateVisitAll"
        ],
        "5": false
      },
      {
        "1": "compile_element.dart",
        "2": [
          "CompileElement"
        ],
        "5": false
      },
      {
        "1": "compile_view.dart",
        "2": [
          "CompileView"
        ],
        "5": false
      },
      {
        "1": "view_binder.dart",
        "2": [
          "bindView"
        ],
        "5": false
      },
      {
        "1": "view_builder.dart",
        "5": false
      }
    ],
    "5": [
      {
        "1": "ViewCompiler",
        "4": [
          {
            "1": "Injectable",
            "4": false
          }
        ],
        "5": [
          {
            "1": "CompilerConfig",
            "4": "_genConfig"
          }
        ]
      }
    ],
    "6": "view_compiler.dart"
  },
  "type": {
    "ViewCompileResult": {
      "class": "Identifier",
      "name": "ViewCompileResult",
      "moduleUrl": "asset:angular2/lib/src/compiler/view_compiler/view_compiler.dart",
      "prefix": null,
      "value": null
    },
    "ViewCompiler": {
      "class": "Type",
      "name": "ViewCompiler",
      "moduleUrl": "asset:angular2/lib/src/compiler/view_compiler/view_compiler.dart",
      "prefix": null,
      "isHost": false,
      "value": null,
      "diDeps": [
        {
          "token": {
            "value": null,
            "identifier": {
              "class": "Identifier",
              "name": "CompilerConfig",
              "moduleUrl": null,
              "prefix": null,
              "value": null
            },
            "identifierIsInstance": false
          },
          "value": null,
          "isAttribute": false,
          "isSelf": false,
          "isHost": false,
          "isSkipSelf": false,
          "isOptional": false,
          "isValue": false
        }
      ]
    }
  },
  "alias": {}
}