{
  "ngDeps": {
    "1": "browser_adapter",
    "3": [
      {
        "1": "dart:html",
        "5": false
      },
      {
        "1": "dart:js_util",
        "4": "js_util",
        "5": false
      },
      {
        "1": "package:angular2/platform/common_dom.dart",
        "2": [
          "setRootDomAdapter"
        ],
        "5": false
      },
      {
        "1": "package:angular2/src/facade/browser.dart",
        "5": false
      },
      {
        "1": "package:js/js.dart",
        "5": false
      },
      {
        "1": "generic_browser_adapter.dart",
        "2": [
          "GenericBrowserDomAdapter"
        ],
        "5": false
      }
    ],
    "6": "browser_adapter.dart",
    "7": [
      {
        "1": "package:angular2/platform/common_dom.template.dart",
        "4": "i0"
      },
      {
        "1": "package:angular2/src/facade/browser.template.dart",
        "4": "i1"
      },
      {
        "1": "generic_browser_adapter.template.dart",
        "4": "i2"
      }
    ]
  },
  "type": {
    "_IdentitySanitizer": {
      "class": "Identifier",
      "name": "_IdentitySanitizer",
      "moduleUrl": "asset:angular2/lib/src/platform/browser/browser_adapter.dart",
      "prefix": null,
      "value": null
    },
    "ngCreateDocument": {
      "class": "Identifier",
      "name": "ngCreateDocument",
      "moduleUrl": "asset:angular2/lib/src/platform/browser/browser_adapter.dart",
      "prefix": null,
      "value": null
    },
    "BrowserDomAdapter": {
      "class": "Identifier",
      "name": "BrowserDomAdapter",
      "moduleUrl": "asset:angular2/lib/src/platform/browser/browser_adapter.dart",
      "prefix": null,
      "value": null
    },
    "getBaseElementHref": {
      "class": "Identifier",
      "name": "getBaseElementHref",
      "moduleUrl": "asset:angular2/lib/src/platform/browser/browser_adapter.dart",
      "prefix": null,
      "value": null
    },
    "_relativePath": {
      "class": "Identifier",
      "name": "_relativePath",
      "moduleUrl": "asset:angular2/lib/src/platform/browser/browser_adapter.dart",
      "prefix": null,
      "value": null
    }
  },
  "alias": {}
}