{
  "ngDeps": {
    "1": "",
    "3": [
      {
        "1": "package:angular2/src/platform/browser/xhr_impl.dart",
        "2": [
          "XHRImpl"
        ],
        "5": false
      },
      {
        "1": "package:angular2/src/platform/dom/dom_adapter.dart",
        "2": [
          "DomAdapter"
        ],
        "5": false
      }
    ],
    "6": "generic_browser_adapter.dart"
  },
  "type": {
    "GenericBrowserDomAdapter": {
      "class": "Identifier",
      "name": "GenericBrowserDomAdapter",
      "moduleUrl": "asset:angular2/lib/src/platform/browser/generic_browser_adapter.dart",
      "prefix": null,
      "value": null
    }
  },
  "alias": {}
}