{
  "ngDeps": {
    "1": "",
    "3": [
      {
        "1": "dart:async",
        "5": false
      },
      {
        "1": "package:angular2/src/core/linker/element_ref.dart",
        "2": [
          "ElementRef"
        ],
        "5": false
      },
      {
        "1": "package:angular2/src/platform/dom/dom_adapter.dart",
        "2": [
          "DomAdapter"
        ],
        "5": false
      }
    ],
    "6": "ruler.dart",
    "7": [
      {
        "1": "package:angular2/src/core/linker/element_ref.template.dart",
        "4": "i0"
      },
      {
        "1": "package:angular2/src/platform/dom/dom_adapter.template.dart",
        "4": "i1"
      }
    ]
  },
  "type": {
    "Rectangle": {
      "class": "Identifier",
      "name": "Rectangle",
      "moduleUrl": "asset:angular2/lib/src/platform/browser/ruler.dart",
      "prefix": null,
      "value": null
    },
    "Ruler": {
      "class": "Identifier",
      "name": "Ruler",
      "moduleUrl": "asset:angular2/lib/src/platform/browser/ruler.dart",
      "prefix": null,
      "value": null
    }
  },
  "alias": {}
}