{
  "ngDeps": {
    "1": "",
    "3": [
      {
        "1": "dart:html",
        "5": false
      },
      {
        "1": "dart:js",
        "4": "js",
        "5": false
      },
      {
        "1": "package:angular2/di.dart",
        "5": false
      },
      {
        "1": "package:angular2/platform/common_dom.dart",
        "5": false
      }
    ],
    "6": "testability.dart",
    "7": [
      {
        "1": "package:angular2/di.template.dart",
        "4": "i0"
      },
      {
        "1": "package:angular2/platform/common_dom.template.dart",
        "4": "i1"
      }
    ]
  },
  "type": {
    "__varargSentinel": {
      "class": "Identifier",
      "name": "__varargSentinel",
      "moduleUrl": "asset:angular2/lib/src/platform/browser/testability.dart",
      "prefix": null,
      "value": null
    },
    "_jsFunction": {
      "class": "Identifier",
      "name": "_jsFunction",
      "moduleUrl": "asset:angular2/lib/src/platform/browser/testability.dart",
      "prefix": null,
      "value": null
    },
    "__invokeFn": {
      "class": "Identifier",
      "name": "__invokeFn",
      "moduleUrl": "asset:angular2/lib/src/platform/browser/testability.dart",
      "prefix": null,
      "value": null
    },
    "_jsify": {
      "class": "Identifier",
      "name": "_jsify",
      "moduleUrl": "asset:angular2/lib/src/platform/browser/testability.dart",
      "prefix": null,
      "value": null
    },
    "_JsObjectProxyable": {
      "class": "Identifier",
      "name": "_JsObjectProxyable",
      "moduleUrl": "asset:angular2/lib/src/platform/browser/testability.dart",
      "prefix": null,
      "value": null
    },
    "PublicTestability": {
      "class": "Identifier",
      "name": "PublicTestability",
      "moduleUrl": "asset:angular2/lib/src/platform/browser/testability.dart",
      "prefix": null,
      "value": null
    },
    "BrowserGetTestability": {
      "class": "Identifier",
      "name": "BrowserGetTestability",
      "moduleUrl": "asset:angular2/lib/src/platform/browser/testability.dart",
      "prefix": null,
      "value": null
    }
  },
  "alias": {}
}