{
  "ngDeps": {
    "1": "",
    "3": [
      {
        "1": "package:angular2/src/platform/dom/dom_adapter.dart",
        "2": [
          "DOM"
        ],
        "5": false
      }
    ],
    "6": "title.dart",
    "7": [
      {
        "1": "package:angular2/src/platform/dom/dom_adapter.template.dart",
        "4": "i0"
      }
    ]
  },
  "type": {
    "Title": {
      "class": "Identifier",
      "name": "Title",
      "moduleUrl": "asset:angular2/lib/src/platform/browser/title.dart",
      "prefix": null,
      "value": null
    }
  },
  "alias": {}
}