{
  "ngDeps": {
    "1": "",
    "3": [
      {
        "1": "dart:async",
        "2": [
          "Future"
        ],
        "5": false
      },
      {
        "1": "dart:html",
        "5": false
      },
      {
        "1": "dart:js",
        "4": "js",
        "5": false
      },
      {
        "1": "package:angular2/di.dart",
        "5": false
      },
      {
        "1": "package:angular2/src/compiler/xhr.dart",
        "5": false
      },
      {
        "1": "package:angular2/src/facade/exceptions.dart",
        "2": [
          "BaseException"
        ],
        "5": false
      }
    ],
    "5": [
      {
        "1": "CachedXHR",
        "4": [
          {
            "1": "Injectable",
            "4": false
          }
        ]
      }
    ],
    "6": "xhr_cache.dart"
  },
  "type": {
    "CachedXHR": {
      "class": "Type",
      "name": "CachedXHR",
      "moduleUrl": "asset:angular2/lib/src/platform/browser/xhr_cache.dart",
      "prefix": null,
      "isHost": false,
      "value": null,
      "diDeps": []
    }
  },
  "alias": {}
}