{
  "ngDeps": {
    "1": "",
    "3": [
      {
        "1": "dart:async",
        "5": false
      },
      {
        "1": "package:angular2/src/transform/common/asset_reader.dart",
        "5": false
      },
      {
        "1": "package:angular2/src/transform/common/names.dart",
        "5": false
      },
      {
        "1": "package:angular2/src/transform/common/zone.dart",
        "4": "zone",
        "5": false
      },
      {
        "1": "package:barback/barback.dart",
        "5": false
      },
      {
        "1": "rewriter.dart",
        "5": false
      }
    ],
    "6": "transformer.dart",
    "7": [
      {
        "1": "package:angular2/src/transform/common/asset_reader.template.dart",
        "4": "i0"
      },
      {
        "1": "package:angular2/src/transform/common/names.template.dart",
        "4": "i1"
      },
      {
        "1": "package:angular2/src/transform/common/zone.template.dart",
        "4": "i2"
      },
      {
        "1": "rewriter.template.dart",
        "4": "i3"
      }
    ]
  },
  "type": {
    "DeferredRewriter": {
      "class": "Identifier",
      "name": "DeferredRewriter",
      "moduleUrl": "asset:angular2/lib/src/transform/deferred_rewriter/transformer.dart",
      "prefix": null,
      "value": null
    },
    "_assetToProcess": {
      "class": "Identifier",
      "name": "_assetToProcess",
      "moduleUrl": "asset:angular2/lib/src/transform/deferred_rewriter/transformer.dart",
      "prefix": null,
      "value": null
    },
    "rewriteDeferredLibraries": {
      "class": "Identifier",
      "name": "rewriteDeferredLibraries",
      "moduleUrl": "asset:angular2/lib/src/transform/deferred_rewriter/transformer.dart",
      "prefix": null,
      "value": null
    }
  },
  "alias": {}
}