{
  "ngDeps": {
    "1": "",
    "3": [
      {
        "1": "dart:async",
        "5": false
      },
      {
        "1": "package:angular2/src/platform/server/html_adapter.dart",
        "5": false
      },
      {
        "1": "package:angular2/src/transform/common/asset_reader.dart",
        "5": false
      },
      {
        "1": "package:angular2/src/transform/common/code/ng_deps_code.dart",
        "5": false
      },
      {
        "1": "package:angular2/src/transform/common/code/source_module.dart",
        "5": false
      },
      {
        "1": "package:angular2/src/transform/common/formatter.dart",
        "5": false
      },
      {
        "1": "package:angular2/src/transform/common/names.dart",
        "5": false
      },
      {
        "1": "package:angular2/src/transform/common/options.dart",
        "5": false
      },
      {
        "1": "package:angular2/src/transform/common/zone.dart",
        "4": "zone",
        "5": false
      },
      {
        "1": "package:barback/barback.dart",
        "5": false
      },
      {
        "1": "generator.dart",
        "5": false
      }
    ],
    "6": "transformer.dart",
    "7": [
      {
        "1": "package:angular2/src/platform/server/html_adapter.template.dart",
        "4": "i0"
      },
      {
        "1": "package:angular2/src/transform/common/asset_reader.template.dart",
        "4": "i1"
      },
      {
        "1": "package:angular2/src/transform/common/code/ng_deps_code.template.dart",
        "4": "i2"
      },
      {
        "1": "package:angular2/src/transform/common/code/source_module.template.dart",
        "4": "i3"
      },
      {
        "1": "package:angular2/src/transform/common/formatter.template.dart",
        "4": "i4"
      },
      {
        "1": "package:angular2/src/transform/common/names.template.dart",
        "4": "i5"
      },
      {
        "1": "package:angular2/src/transform/common/options.template.dart",
        "4": "i6"
      },
      {
        "1": "package:angular2/src/transform/common/zone.template.dart",
        "4": "i7"
      },
      {
        "1": "generator.template.dart",
        "4": "i8"
      }
    ]
  },
  "type": {
    "_emptyNgDepsContents": {
      "class": "Identifier",
      "name": "_emptyNgDepsContents",
      "moduleUrl": "asset:angular2/lib/src/transform/template_compiler/transformer.dart",
      "prefix": null,
      "value": null
    },
    "TemplateCompiler": {
      "class": "Identifier",
      "name": "TemplateCompiler",
      "moduleUrl": "asset:angular2/lib/src/transform/template_compiler/transformer.dart",
      "prefix": null,
      "value": null
    }
  },
  "alias": {}
}