{
  "ngDeps": {
    "1": "",
    "3": [
      {
        "1": "package:angular2/src/facade/exceptions.dart",
        "2": [
          "BaseException"
        ],
        "5": false
      },
      {
        "1": "decorators.dart",
        "5": false
      }
    ],
    "6": "injector.dart"
  },
  "type": {
    "_THROW_IF_NOT_FOUND": {
      "class": "Identifier",
      "name": "_THROW_IF_NOT_FOUND",
      "moduleUrl": "asset:angular2/lib/src/core/di/injector.dart",
      "prefix": null,
      "value": null
    },
    "THROW_IF_NOT_FOUND": {
      "class": "Identifier",
      "name": "THROW_IF_NOT_FOUND",
      "moduleUrl": "asset:angular2/lib/src/core/di/injector.dart",
      "prefix": null,
      "value": null
    },
    "_NullInjector": {
      "class": "Identifier",
      "name": "_NullInjector",
      "moduleUrl": "asset:angular2/lib/src/core/di/injector.dart",
      "prefix": null,
      "value": null
    },
    "Injector": {
      "class": "Identifier",
      "name": "Injector",
      "moduleUrl": "asset:angular2/lib/src/core/di/injector.dart",
      "prefix": null,
      "value": null
    },
    "_EmptyInjectorFactory": {
      "class": "Identifier",
      "name": "_EmptyInjectorFactory",
      "moduleUrl": "asset:angular2/lib/src/core/di/injector.dart",
      "prefix": null,
      "value": null
    },
    "InjectorFactory": {
      "class": "Identifier",
      "name": "InjectorFactory",
      "moduleUrl": "asset:angular2/lib/src/core/di/injector.dart",
      "prefix": null,
      "value": null
    },
    "_BoundInjectorFactory": {
      "class": "Identifier",
      "name": "_BoundInjectorFactory",
      "moduleUrl": "asset:angular2/lib/src/core/di/injector.dart",
      "prefix": null,
      "value": null
    }
  },
  "alias": {}
}