{
  "ngDeps": {
    "1": "",
    "3": [
      {
        "1": "injector.dart",
        "2": [
          "Injector",
          "InjectorFactory",
          "THROW_IF_NOT_FOUND"
        ],
        "5": false
      }
    ],
    "6": "map_injector.dart",
    "7": [
      {
        "1": "injector.template.dart",
        "4": "i0"
      }
    ]
  },
  "type": {
    "MapInjector": {
      "class": "Identifier",
      "name": "MapInjector",
      "moduleUrl": "asset:angular2/lib/src/core/di/map_injector.dart",
      "prefix": null,
      "value": null
    },
    "MapInjectorFactory": {
      "class": "Identifier",
      "name": "MapInjectorFactory",
      "moduleUrl": "asset:angular2/lib/src/core/di/map_injector.dart",
      "prefix": null,
      "value": null
    }
  },
  "alias": {}
}