{
  "ngDeps": null,
  "type": {
    "noValueProvided": {
      "class": "Identifier",
      "name": "noValueProvided",
      "moduleUrl": "asset:angular2/lib/src/core/di/provider.dart",
      "prefix": null,
      "value": null
    },
    "Provider": {
      "class": "Identifier",
      "name": "Provider",
      "moduleUrl": "asset:angular2/lib/src/core/di/provider.dart",
      "prefix": null,
      "value": null
    },
    "provide": {
      "class": "Identifier",
      "name": "provide",
      "moduleUrl": "asset:angular2/lib/src/core/di/provider.dart",
      "prefix": null,
      "value": null
    }
  },
  "alias": {}
}