{
  "ngDeps": {
    "1": "",
    "3": [
      {
        "1": "package:angular2/src/compiler/directive_normalizer.dart",
        "2": [
          "DirectiveNormalizer"
        ],
        "5": false
      },
      {
        "1": "package:angular2/src/compiler/html_parser.dart",
        "2": [
          "HtmlParser"
        ],
        "5": false
      },
      {
        "1": "package:angular2/src/compiler/runtime_metadata.dart",
        "2": [
          "RuntimeMetadataResolver"
        ],
        "5": false
      },
      {
        "1": "package:angular2/src/compiler/schema/dom_element_schema_registry.dart",
        "2": [
          "DomElementSchemaRegistry"
        ],
        "5": false
      },
      {
        "1": "package:angular2/src/compiler/schema/element_schema_registry.dart",
        "2": [
          "ElementSchemaRegistry"
        ],
        "5": false
      },
      {
        "1": "package:angular2/src/compiler/style_compiler.dart",
        "2": [
          "StyleCompiler"
        ],
        "5": false
      },
      {
        "1": "package:angular2/src/compiler/template_parser.dart",
        "2": [
          "TemplateParser"
        ],
        "5": false
      },
      {
        "1": "package:angular2/src/compiler/url_resolver.dart",
        "2": [
          "UrlResolver",
          "DEFAULT_PACKAGE_URL_PROVIDER"
        ],
        "5": false
      },
      {
        "1": "package:angular2/src/compiler/view_compiler/view_compiler.dart",
        "2": [
          "ViewCompiler"
        ],
        "5": false
      },
      {
        "1": "package:angular2/src/core/di.dart",
        "2": [
          "Provider"
        ],
        "5": false
      },
      {
        "1": "package:angular2/src/facade/lang.dart",
        "2": [
          "assertionsEnabled"
        ],
        "5": false
      },
      {
        "1": "config.dart",
        "2": [
          "CompilerConfig"
        ],
        "5": false
      },
      {
        "1": "directive_resolver.dart",
        "2": [
          "DirectiveResolver"
        ],
        "5": false
      },
      {
        "1": "expression_parser/lexer.dart",
        "2": [
          "Lexer"
        ],
        "5": false
      },
      {
        "1": "expression_parser/parser.dart",
        "2": [
          "Parser"
        ],
        "5": false
      },
      {
        "1": "pipe_resolver.dart",
        "2": [
          "PipeResolver"
        ],
        "5": false
      },
      {
        "1": "view_resolver.dart",
        "2": [
          "ViewResolver"
        ],
        "5": false
      }
    ],
    "4": [
      {
        "1": "package:angular2/src/compiler/template_ast.dart"
      },
      {
        "1": "package:angular2/src/compiler/url_resolver.dart"
      },
      {
        "1": "package:angular2/src/compiler/xhr.dart"
      },
      {
        "1": "package:angular2/src/core/platform_directives_and_pipes.dart",
        "2": [
          "PLATFORM_DIRECTIVES",
          "PLATFORM_PIPES"
        ]
      },
      {
        "1": "compile_metadata.dart"
      },
      {
        "1": "config.dart",
        "2": [
          "CompilerConfig"
        ]
      },
      {
        "1": "directive_resolver.dart",
        "2": [
          "DirectiveResolver"
        ]
      },
      {
        "1": "offline_compiler.dart"
      },
      {
        "1": "pipe_resolver.dart",
        "2": [
          "PipeResolver"
        ]
      },
      {
        "1": "view_resolver.dart",
        "2": [
          "ViewResolver"
        ]
      }
    ],
    "6": "compiler.dart"
  },
  "type": {
    "COMPILER_PROVIDERS": {
      "class": "Identifier",
      "name": "COMPILER_PROVIDERS",
      "moduleUrl": "asset:angular2/lib/src/compiler/compiler.dart",
      "prefix": null,
      "value": [
        {
          "class": "Identifier",
          "name": "Lexer",
          "moduleUrl": null,
          "prefix": null,
          "value": null
        },
        {
          "class": "Identifier",
          "name": "Parser",
          "moduleUrl": null,
          "prefix": null,
          "value": null
        },
        {
          "class": "Identifier",
          "name": "HtmlParser",
          "moduleUrl": null,
          "prefix": null,
          "value": null
        },
        {
          "class": "Identifier",
          "name": "TemplateParser",
          "moduleUrl": null,
          "prefix": null,
          "value": null
        },
        {
          "class": "Identifier",
          "name": "DirectiveNormalizer",
          "moduleUrl": null,
          "prefix": null,
          "value": null
        },
        {
          "class": "Identifier",
          "name": "RuntimeMetadataResolver",
          "moduleUrl": null,
          "prefix": null,
          "value": null
        },
        {
          "class": "Identifier",
          "name": "DEFAULT_PACKAGE_URL_PROVIDER",
          "moduleUrl": null,
          "prefix": null,
          "value": null
        },
        {
          "class": "Identifier",
          "name": "StyleCompiler",
          "moduleUrl": null,
          "prefix": null,
          "value": null
        },
        {
          "class": "Identifier",
          "name": "ViewCompiler",
          "moduleUrl": null,
          "prefix": null,
          "value": null
        },
        {
          "class": "Provider",
          "token": {
            "value": null,
            "identifier": {
              "class": "Identifier",
              "name": "CompilerConfig",
              "moduleUrl": null,
              "prefix": null,
              "value": null
            },
            "identifierIsInstance": false
          },
          "useClass": null,
          "useExisting": null,
          "useValue": null,
          "useFactory": {
            "class": "Factory",
            "name": "createCompilerConfig",
            "prefix": null,
            "moduleUrl": null,
            "value": null,
            "diDeps": []
          },
          "useProperty": null,
          "multi": false,
          "deps": []
        },
        {
          "class": "Identifier",
          "name": "DomElementSchemaRegistry",
          "moduleUrl": null,
          "prefix": null,
          "value": null
        },
        {
          "class": "Provider",
          "token": {
            "value": null,
            "identifier": {
              "class": "Identifier",
              "name": "ElementSchemaRegistry",
              "moduleUrl": null,
              "prefix": null,
              "value": null
            },
            "identifierIsInstance": false
          },
          "useClass": null,
          "useExisting": {
            "value": null,
            "identifier": {
              "class": "Identifier",
              "name": "DomElementSchemaRegistry",
              "moduleUrl": null,
              "prefix": null,
              "value": null
            },
            "identifierIsInstance": false
          },
          "useValue": null,
          "useFactory": null,
          "useProperty": null,
          "multi": false,
          "deps": null
        },
        {
          "class": "Identifier",
          "name": "UrlResolver",
          "moduleUrl": null,
          "prefix": null,
          "value": null
        },
        {
          "class": "Identifier",
          "name": "ViewResolver",
          "moduleUrl": null,
          "prefix": null,
          "value": null
        },
        {
          "class": "Identifier",
          "name": "DirectiveResolver",
          "moduleUrl": null,
          "prefix": null,
          "value": null
        },
        {
          "class": "Identifier",
          "name": "PipeResolver",
          "moduleUrl": null,
          "prefix": null,
          "value": null
        }
      ]
    },
    "createCompilerConfig": {
      "class": "Identifier",
      "name": "createCompilerConfig",
      "moduleUrl": "asset:angular2/lib/src/compiler/compiler.dart",
      "prefix": null,
      "value": null
    }
  },
  "alias": {}
}