{
  "ngDeps": {
    "1": "",
    "3": [
      {
        "1": "dart:async",
        "5": false
      },
      {
        "1": "package:angular2/src/facade/exceptions.dart",
        "2": [
          "BaseException"
        ],
        "5": false
      },
      {
        "1": "compile_metadata.dart",
        "2": [
          "CompileDirectiveMetadata",
          "CompilePipeMetadata",
          "createHostComponentMeta",
          "CompileTypeMetadata"
        ],
        "5": false
      },
      {
        "1": "compiler_utils.dart",
        "2": [
          "MODULE_SUFFIX"
        ],
        "5": false
      },
      {
        "1": "directive_normalizer.dart",
        "2": [
          "DirectiveNormalizer"
        ],
        "5": false
      },
      {
        "1": "identifiers.dart",
        "5": false
      },
      {
        "1": "output/abstract_emitter.dart",
        "2": [
          "OutputEmitter"
        ],
        "5": false
      },
      {
        "1": "output/output_ast.dart",
        "4": "o",
        "5": false
      },
      {
        "1": "style_compiler.dart",
        "2": [
          "StyleCompiler",
          "StylesCompileResult"
        ],
        "5": false
      },
      {
        "1": "template_parser.dart",
        "2": [
          "TemplateParser"
        ],
        "5": false
      },
      {
        "1": "view_compiler/view_compiler.dart",
        "2": [
          "ViewCompiler",
          "ViewCompileResult"
        ],
        "5": false
      }
    ],
    "6": "offline_compiler.dart",
    "7": [
      {
        "1": "package:angular2/src/facade/exceptions.template.dart",
        "4": "i0"
      },
      {
        "1": "compile_metadata.template.dart",
        "4": "i1"
      },
      {
        "1": "compiler_utils.template.dart",
        "4": "i2"
      },
      {
        "1": "directive_normalizer.template.dart",
        "4": "i3"
      },
      {
        "1": "identifiers.template.dart",
        "4": "i4"
      },
      {
        "1": "output/abstract_emitter.template.dart",
        "4": "i5"
      },
      {
        "1": "output/output_ast.template.dart",
        "4": "i6"
      },
      {
        "1": "style_compiler.template.dart",
        "4": "i7"
      },
      {
        "1": "template_parser.template.dart",
        "4": "i8"
      },
      {
        "1": "view_compiler/view_compiler.template.dart",
        "4": "i9"
      }
    ]
  },
  "type": {
    "SourceModule": {
      "class": "Identifier",
      "name": "SourceModule",
      "moduleUrl": "asset:angular2/lib/src/compiler/offline_compiler.dart",
      "prefix": null,
      "value": null
    },
    "NormalizedComponentWithViewDirectives": {
      "class": "Identifier",
      "name": "NormalizedComponentWithViewDirectives",
      "moduleUrl": "asset:angular2/lib/src/compiler/offline_compiler.dart",
      "prefix": null,
      "value": null
    },
    "OfflineCompiler": {
      "class": "Identifier",
      "name": "OfflineCompiler",
      "moduleUrl": "asset:angular2/lib/src/compiler/offline_compiler.dart",
      "prefix": null,
      "value": null
    },
    "_resolveViewStatements": {
      "class": "Identifier",
      "name": "_resolveViewStatements",
      "moduleUrl": "asset:angular2/lib/src/compiler/offline_compiler.dart",
      "prefix": null,
      "value": null
    },
    "_resolveStyleStatements": {
      "class": "Identifier",
      "name": "_resolveStyleStatements",
      "moduleUrl": "asset:angular2/lib/src/compiler/offline_compiler.dart",
      "prefix": null,
      "value": null
    },
    "_templateModuleUrl": {
      "class": "Identifier",
      "name": "_templateModuleUrl",
      "moduleUrl": "asset:angular2/lib/src/compiler/offline_compiler.dart",
      "prefix": null,
      "value": null
    },
    "_stylesModuleUrl": {
      "class": "Identifier",
      "name": "_stylesModuleUrl",
      "moduleUrl": "asset:angular2/lib/src/compiler/offline_compiler.dart",
      "prefix": null,
      "value": null
    },
    "_assertComponent": {
      "class": "Identifier",
      "name": "_assertComponent",
      "moduleUrl": "asset:angular2/lib/src/compiler/offline_compiler.dart",
      "prefix": null,
      "value": null
    }
  },
  "alias": {}
}