{
  "ngDeps": {
    "1": "",
    "3": [
      {
        "1": "package:source_span/source_span.dart",
        "5": false
      }
    ],
    "6": "parse_util.dart"
  },
  "type": {
    "ParseErrorLevel": {
      "class": "Identifier",
      "name": "ParseErrorLevel",
      "moduleUrl": "asset:angular2/lib/src/compiler/parse_util.dart",
      "prefix": null,
      "value": null
    },
    "ParseError": {
      "class": "Identifier",
      "name": "ParseError",
      "moduleUrl": "asset:angular2/lib/src/compiler/parse_util.dart",
      "prefix": null,
      "value": null
    }
  },
  "alias": {}
}