{
  "ngDeps": {
    "1": "",
    "3": [
      {
        "1": "package:angular2/src/core/di.dart",
        "2": [
          "Injectable"
        ],
        "5": false
      },
      {
        "1": "package:angular2/src/core/metadata.dart",
        "2": [
          "Component"
        ],
        "5": false
      },
      {
        "1": "package:angular2/src/core/metadata.dart",
        "2": [
          "View"
        ],
        "5": false
      },
      {
        "1": "package:angular2/src/core/reflection/reflection.dart",
        "2": [
          "Reflector",
          "reflector"
        ],
        "5": false
      },
      {
        "1": "package:angular2/src/facade/exceptions.dart",
        "2": [
          "BaseException"
        ],
        "5": false
      },
      {
        "1": "package:angular2/src/facade/lang.dart",
        "2": [
          "stringify"
        ],
        "5": false
      }
    ],
    "5": [
      {
        "1": "ViewResolver",
        "4": [
          {
            "1": "Injectable",
            "4": false
          }
        ],
        "5": [
          {
            "1": "Reflector",
            "4": "_reflector"
          }
        ]
      }
    ],
    "6": "view_resolver.dart"
  },
  "type": {
    "ViewResolver": {
      "class": "Type",
      "name": "ViewResolver",
      "moduleUrl": "asset:angular2/lib/src/compiler/view_resolver.dart",
      "prefix": null,
      "isHost": false,
      "value": null,
      "diDeps": [
        {
          "token": {
            "value": null,
            "identifier": {
              "class": "Identifier",
              "name": "Reflector",
              "moduleUrl": null,
              "prefix": null,
              "value": null
            },
            "identifierIsInstance": false
          },
          "value": null,
          "isAttribute": false,
          "isSelf": false,
          "isHost": false,
          "isSkipSelf": false,
          "isOptional": false,
          "isValue": false
        }
      ]
    }
  },
  "alias": {}
}