{
  "ngDeps": {
    "1": "",
    "3": [
      {
        "1": "dart:async",
        "5": false
      },
      {
        "1": "package:angular2/src/compiler/xhr.dart",
        "2": [
          "XHR"
        ],
        "5": false
      },
      {
        "1": "package:angular2/src/facade/exceptions.dart",
        "2": [
          "BaseException"
        ],
        "5": false
      }
    ],
    "6": "xhr_mock.dart",
    "7": [
      {
        "1": "package:angular2/src/compiler/xhr.template.dart",
        "4": "i0"
      },
      {
        "1": "package:angular2/src/facade/exceptions.template.dart",
        "4": "i1"
      }
    ]
  },
  "type": {
    "MockXHR": {
      "class": "Identifier",
      "name": "MockXHR",
      "moduleUrl": "asset:angular2/lib/src/compiler/xhr_mock.dart",
      "prefix": null,
      "value": null
    },
    "_PendingRequest": {
      "class": "Identifier",
      "name": "_PendingRequest",
      "moduleUrl": "asset:angular2/lib/src/compiler/xhr_mock.dart",
      "prefix": null,
      "value": null
    },
    "_Expectation": {
      "class": "Identifier",
      "name": "_Expectation",
      "moduleUrl": "asset:angular2/lib/src/compiler/xhr_mock.dart",
      "prefix": null,
      "value": null
    }
  },
  "alias": {}
}