{
  "ngDeps": {
    "1": "",
    "3": [
      {
        "1": "package:angular2/src/facade/lang.dart",
        "2": [
          "looseIdentical",
          "isPrimitive"
        ],
        "5": false
      },
      {
        "1": "package:collection/collection.dart",
        "5": false
      }
    ],
    "4": [
      {
        "1": "package:angular2/src/facade/lang.dart",
        "2": [
          "looseIdentical"
        ]
      }
    ],
    "6": "change_detection_util.dart"
  },
  "type": {
    "_DevModeEquality": {
      "class": "Identifier",
      "name": "_DevModeEquality",
      "moduleUrl": "asset:angular2/lib/src/core/change_detection/change_detection_util.dart",
      "prefix": null,
      "value": null
    },
    "devModeEqual": {
      "class": "Identifier",
      "name": "devModeEqual",
      "moduleUrl": "asset:angular2/lib/src/core/change_detection/change_detection_util.dart",
      "prefix": null,
      "value": null
    },
    "WrappedValue": {
      "class": "Identifier",
      "name": "WrappedValue",
      "moduleUrl": "asset:angular2/lib/src/core/change_detection/change_detection_util.dart",
      "prefix": null,
      "value": null
    },
    "ValueUnwrapper": {
      "class": "Identifier",
      "name": "ValueUnwrapper",
      "moduleUrl": "asset:angular2/lib/src/core/change_detection/change_detection_util.dart",
      "prefix": null,
      "value": null
    },
    "SimpleChange": {
      "class": "Identifier",
      "name": "SimpleChange",
      "moduleUrl": "asset:angular2/lib/src/core/change_detection/change_detection_util.dart",
      "prefix": null,
      "value": null
    }
  },
  "alias": {}
}