{
  "ngDeps": {
    "1": "",
    "3": [
      {
        "1": "package:angular2/src/facade/lang.dart",
        "2": [
          "looseIdentical",
          "isPrimitive"
        ],
        "5": false
      },
      {
        "1": "package:collection/collection.dart",
        "5": false
      }
    ],
    "4": [
      {
        "1": "package:angular2/src/facade/lang.dart",
        "2": [
          "looseIdentical"
        ]
      }
    ],
    "6": "change_detection_util.dart",
    "7": [
      {
        "1": "package:angular2/src/facade/lang.template.dart",
        "4": "i0"
      }
    ]
  },
  "type": {
    "_DevModeEquality": {
      "class": "Identifier",
      "name": "_DevModeEquality",
      "moduleUrl": "asset:angular2/lib/src/core/change_detection/change_detection_util.dart",
      "prefix": null,
      "value": null
    },
    "devModeEqual": {
      "class": "Identifier",
      "name": "devModeEqual",
      "moduleUrl": "asset:angular2/lib/src/core/change_detection/change_detection_util.dart",
      "prefix": null,
      "value": null
    },
    "WrappedValue": {
      "class": "Identifier",
      "name": "WrappedValue",
      "moduleUrl": "asset:angular2/lib/src/core/change_detection/change_detection_util.dart",
      "prefix": null,
      "value": null
    },
    "ValueUnwrapper": {
      "class": "Identifier",
      "name": "ValueUnwrapper",
      "moduleUrl": "asset:angular2/lib/src/core/change_detection/change_detection_util.dart",
      "prefix": null,
      "value": null
    },
    "SimpleChange": {
      "class": "Identifier",
      "name": "SimpleChange",
      "moduleUrl": "asset:angular2/lib/src/core/change_detection/change_detection_util.dart",
      "prefix": null,
      "value": null
    },
    "_IS_DART_VM": {
      "class": "Identifier",
      "name": "_IS_DART_VM",
      "moduleUrl": "asset:angular2/lib/src/facade/lang.dart",
      "prefix": null,
      "value": null
    },
    "stringify": {
      "class": "Identifier",
      "name": "stringify",
      "moduleUrl": "asset:angular2/lib/src/facade/lang.dart",
      "prefix": null,
      "value": null
    },
    "resolveEnumToken": {
      "class": "Identifier",
      "name": "resolveEnumToken",
      "moduleUrl": "asset:angular2/lib/src/facade/lang.dart",
      "prefix": null,
      "value": null
    },
    "jsSplit": {
      "class": "Identifier",
      "name": "jsSplit",
      "moduleUrl": "asset:angular2/lib/src/facade/lang.dart",
      "prefix": null,
      "value": null
    },
    "looseIdentical": {
      "class": "Identifier",
      "name": "looseIdentical",
      "moduleUrl": "asset:angular2/lib/src/facade/lang.dart",
      "prefix": null,
      "value": null
    },
    "_looseIdentical": {
      "class": "Identifier",
      "name": "_looseIdentical",
      "moduleUrl": "asset:angular2/lib/src/facade/lang.dart",
      "prefix": null,
      "value": null
    },
    "assertionsEnabled": {
      "class": "Identifier",
      "name": "assertionsEnabled",
      "moduleUrl": "asset:angular2/lib/src/facade/lang.dart",
      "prefix": null,
      "value": null
    },
    "Json": {
      "class": "Identifier",
      "name": "Json",
      "moduleUrl": "asset:angular2/lib/src/facade/lang.dart",
      "prefix": null,
      "value": null
    },
    "isPrimitive": {
      "class": "Identifier",
      "name": "isPrimitive",
      "moduleUrl": "asset:angular2/lib/src/facade/lang.dart",
      "prefix": null,
      "value": null
    },
    "bitWiseOr": {
      "class": "Identifier",
      "name": "bitWiseOr",
      "moduleUrl": "asset:angular2/lib/src/facade/lang.dart",
      "prefix": null,
      "value": null
    },
    "bitWiseAnd": {
      "class": "Identifier",
      "name": "bitWiseAnd",
      "moduleUrl": "asset:angular2/lib/src/facade/lang.dart",
      "prefix": null,
      "value": null
    }
  },
  "alias": {}
}