{
  "ngDeps": {
    "1": "",
    "3": [
      {
        "1": "package:angular2/platform/browser_static.dart",
        "5": false
      },
      {
        "1": "package:lightdm_webkit_theme_litarvan/components/app/app_component.dart",
        "5": false
      },
      {
        "1": "package:lightdm_webkit_theme_litarvan/greeter_service.dart",
        "5": false
      },
      {
        "1": "package:lightdm_webkit_theme_litarvan/lightdm.dart",
        "5": false
      }
    ],
    "6": "main.dart"
  },
  "type": {
    "main": {
      "class": "Identifier",
      "name": "main",
      "moduleUrl": "asset:lightdm_webkit_theme_litarvan/web/main.dart",
      "prefix": null,
      "value": null
    }
  },
  "alias": {}
}