{
  "ngDeps": {
    "1": "",
    "4": [
      {
        "1": "browser/location/hash_location_strategy.dart"
      },
      {
        "1": "browser/location/location.dart"
      },
      {
        "1": "browser/location/location_strategy.dart"
      },
      {
        "1": "browser/location/path_location_strategy.dart"
      },
      {
        "1": "browser/location/platform_location.dart"
      }
    ],
    "6": "location.dart",
    "7": [
      {
        "1": "browser/location/hash_location_strategy.template.dart",
        "4": "i0"
      },
      {
        "1": "browser/location/location.template.dart",
        "4": "i1"
      },
      {
        "1": "browser/location/location_strategy.template.dart",
        "4": "i2"
      },
      {
        "1": "browser/location/path_location_strategy.template.dart",
        "4": "i3"
      },
      {
        "1": "browser/location/platform_location.template.dart",
        "4": "i4"
      }
    ]
  },
  "type": {
    "HashLocationStrategy": {
      "class": "Type",
      "name": "HashLocationStrategy",
      "moduleUrl": "asset:angular2/lib/src/platform/browser/location/hash_location_strategy.dart",
      "prefix": null,
      "isHost": false,
      "value": null,
      "diDeps": [
        {
          "token": {
            "value": null,
            "identifier": {
              "class": "Identifier",
              "name": "PlatformLocation",
              "moduleUrl": "asset:angular2/lib/src/platform/browser/location/platform_location.dart",
              "prefix": null,
              "value": null
            },
            "identifierIsInstance": false
          },
          "value": null,
          "isAttribute": false,
          "isSelf": false,
          "isHost": false,
          "isSkipSelf": false,
          "isOptional": false,
          "isValue": false
        },
        {
          "token": {
            "value": null,
            "identifier": {
              "class": "Identifier",
              "name": "APP_BASE_HREF",
              "moduleUrl": "asset:angular2/lib/src/platform/browser/location/location_strategy.dart",
              "prefix": null,
              "value": null
            },
            "identifierIsInstance": false
          },
          "value": null,
          "isAttribute": false,
          "isSelf": false,
          "isHost": false,
          "isSkipSelf": false,
          "isOptional": true,
          "isValue": false
        }
      ]
    },
    "Location": {
      "class": "Type",
      "name": "Location",
      "moduleUrl": "asset:angular2/lib/src/platform/browser/location/location.dart",
      "prefix": null,
      "isHost": false,
      "value": null,
      "diDeps": [
        {
          "token": {
            "value": null,
            "identifier": {
              "class": "Identifier",
              "name": "LocationStrategy",
              "moduleUrl": "asset:angular2/lib/src/platform/browser/location/location_strategy.dart",
              "prefix": null,
              "value": null
            },
            "identifierIsInstance": false
          },
          "value": null,
          "isAttribute": false,
          "isSelf": false,
          "isHost": false,
          "isSkipSelf": false,
          "isOptional": false,
          "isValue": false
        }
      ]
    },
    "_stripBaseHref": {
      "class": "Identifier",
      "name": "_stripBaseHref",
      "moduleUrl": "asset:angular2/lib/src/platform/browser/location/location.dart",
      "prefix": null,
      "value": null
    },
    "_stripIndexHtml": {
      "class": "Identifier",
      "name": "_stripIndexHtml",
      "moduleUrl": "asset:angular2/lib/src/platform/browser/location/location.dart",
      "prefix": null,
      "value": null
    },
    "APP_BASE_HREF": {
      "class": "Identifier",
      "name": "APP_BASE_HREF",
      "moduleUrl": "asset:angular2/lib/src/platform/browser/location/location_strategy.dart",
      "prefix": null,
      "value": null
    },
    "LocationStrategy": {
      "class": "Identifier",
      "name": "LocationStrategy",
      "moduleUrl": "asset:angular2/lib/src/platform/browser/location/location_strategy.dart",
      "prefix": null,
      "value": null
    },
    "PathLocationStrategy": {
      "class": "Type",
      "name": "PathLocationStrategy",
      "moduleUrl": "asset:angular2/lib/src/platform/browser/location/path_location_strategy.dart",
      "prefix": null,
      "isHost": false,
      "value": null,
      "diDeps": [
        {
          "token": {
            "value": null,
            "identifier": {
              "class": "Identifier",
              "name": "PlatformLocation",
              "moduleUrl": "asset:angular2/lib/src/platform/browser/location/platform_location.dart",
              "prefix": null,
              "value": null
            },
            "identifierIsInstance": false
          },
          "value": null,
          "isAttribute": false,
          "isSelf": false,
          "isHost": false,
          "isSkipSelf": false,
          "isOptional": false,
          "isValue": false
        },
        {
          "token": {
            "value": null,
            "identifier": {
              "class": "Identifier",
              "name": "APP_BASE_HREF",
              "moduleUrl": "asset:angular2/lib/src/platform/browser/location/location_strategy.dart",
              "prefix": null,
              "value": null
            },
            "identifierIsInstance": false
          },
          "value": null,
          "isAttribute": false,
          "isSelf": false,
          "isHost": false,
          "isSkipSelf": false,
          "isOptional": true,
          "isValue": false
        }
      ]
    },
    "PlatformLocation": {
      "class": "Identifier",
      "name": "PlatformLocation",
      "moduleUrl": "asset:angular2/lib/src/platform/browser/location/platform_location.dart",
      "prefix": null,
      "value": null
    }
  },
  "alias": {}
}