{
  "ngDeps": {
    "1": "",
    "3": [
      {
        "1": "package:analyzer/dart/ast/ast.dart",
        "5": false
      },
      {
        "1": "package:barback/barback.dart",
        "2": [
          "AssetId"
        ],
        "5": false
      },
      {
        "1": "class_matcher_base.dart",
        "5": false
      }
    ],
    "4": [
      {
        "1": "class_matcher_base.dart",
        "2": [
          "ClassDescriptor"
        ]
      }
    ],
    "6": "annotation_matcher.dart",
    "7": [
      {
        "1": "class_matcher_base.template.dart",
        "4": "i0"
      }
    ]
  },
  "type": {
    "_INJECTABLES": {
      "class": "Identifier",
      "name": "_INJECTABLES",
      "moduleUrl": "asset:angular2/lib/src/transform/common/annotation_matcher.dart",
      "prefix": null,
      "value": null
    },
    "_DIRECTIVES": {
      "class": "Identifier",
      "name": "_DIRECTIVES",
      "moduleUrl": "asset:angular2/lib/src/transform/common/annotation_matcher.dart",
      "prefix": null,
      "value": null
    },
    "_COMPONENTS": {
      "class": "Identifier",
      "name": "_COMPONENTS",
      "moduleUrl": "asset:angular2/lib/src/transform/common/annotation_matcher.dart",
      "prefix": null,
      "value": null
    },
    "_PIPES": {
      "class": "Identifier",
      "name": "_PIPES",
      "moduleUrl": "asset:angular2/lib/src/transform/common/annotation_matcher.dart",
      "prefix": null,
      "value": null
    },
    "_VIEWS": {
      "class": "Identifier",
      "name": "_VIEWS",
      "moduleUrl": "asset:angular2/lib/src/transform/common/annotation_matcher.dart",
      "prefix": null,
      "value": null
    },
    "_ENTRYPOINTS": {
      "class": "Identifier",
      "name": "_ENTRYPOINTS",
      "moduleUrl": "asset:angular2/lib/src/transform/common/annotation_matcher.dart",
      "prefix": null,
      "value": null
    },
    "_INJECTOR_MODULES": {
      "class": "Identifier",
      "name": "_INJECTOR_MODULES",
      "moduleUrl": "asset:angular2/lib/src/transform/common/annotation_matcher.dart",
      "prefix": null,
      "value": null
    },
    "AnnotationMatcher": {
      "class": "Identifier",
      "name": "AnnotationMatcher",
      "moduleUrl": "asset:angular2/lib/src/transform/common/annotation_matcher.dart",
      "prefix": null,
      "value": null
    },
    "ClassMatcherBase": {
      "class": "Identifier",
      "name": "ClassMatcherBase",
      "moduleUrl": "asset:angular2/lib/src/transform/common/class_matcher_base.dart",
      "prefix": null,
      "value": null
    },
    "_getMatchingImport": {
      "class": "Identifier",
      "name": "_getMatchingImport",
      "moduleUrl": "asset:angular2/lib/src/transform/common/class_matcher_base.dart",
      "prefix": null,
      "value": null
    },
    "isMatch": {
      "class": "Identifier",
      "name": "isMatch",
      "moduleUrl": "asset:angular2/lib/src/transform/common/class_matcher_base.dart",
      "prefix": null,
      "value": null
    },
    "ClassDescriptor": {
      "class": "Identifier",
      "name": "ClassDescriptor",
      "moduleUrl": "asset:angular2/lib/src/transform/common/class_matcher_base.dart",
      "prefix": null,
      "value": null
    }
  },
  "alias": {}
}