{
  "ngDeps": {
    "1": "",
    "3": [
      {
        "1": "dart:async",
        "5": false
      },
      {
        "1": "dart:convert",
        "5": false
      },
      {
        "1": "package:barback/barback.dart",
        "5": false
      }
    ],
    "6": "asset_reader.dart"
  },
  "type": {
    "AssetReader": {
      "class": "Identifier",
      "name": "AssetReader",
      "moduleUrl": "asset:angular2/lib/src/transform/common/asset_reader.dart",
      "prefix": null,
      "value": null
    },
    "_TransformAssetReader": {
      "class": "Identifier",
      "name": "_TransformAssetReader",
      "moduleUrl": "asset:angular2/lib/src/transform/common/asset_reader.dart",
      "prefix": null,
      "value": null
    }
  },
  "alias": {}
}