{
  "ngDeps": {
    "1": "",
    "3": [
      {
        "1": "package:dart_style/dart_style.dart",
        "5": false
      }
    ],
    "6": "formatter.dart"
  },
  "type": {
    "init": {
      "class": "Identifier",
      "name": "init",
      "moduleUrl": "asset:angular2/lib/src/transform/common/formatter.dart",
      "prefix": null,
      "value": null
    },
    "formatter": {
      "class": "Identifier",
      "name": "formatter",
      "moduleUrl": "asset:angular2/lib/src/transform/common/formatter.dart",
      "prefix": null,
      "value": null
    },
    "AngularDartFormatter": {
      "class": "Identifier",
      "name": "AngularDartFormatter",
      "moduleUrl": "asset:angular2/lib/src/transform/common/formatter.dart",
      "prefix": null,
      "value": null
    },
    "_PassThroughFormatter": {
      "class": "Identifier",
      "name": "_PassThroughFormatter",
      "moduleUrl": "asset:angular2/lib/src/transform/common/formatter.dart",
      "prefix": null,
      "value": null
    },
    "_RealFormatter": {
      "class": "Identifier",
      "name": "_RealFormatter",
      "moduleUrl": "asset:angular2/lib/src/transform/common/formatter.dart",
      "prefix": null,
      "value": null
    }
  },
  "alias": {}
}