{
  "ngDeps": {
    "1": "",
    "3": [
      {
        "1": "dart:async",
        "5": false
      },
      {
        "1": "dart:io",
        "2": [
          "stderr"
        ],
        "5": false
      },
      {
        "1": "package:barback/barback.dart",
        "5": false
      },
      {
        "1": "package:source_span/source_span.dart",
        "5": false
      },
      {
        "1": "zone.dart",
        "2": [
          "log"
        ],
        "4": "zone",
        "5": false
      }
    ],
    "6": "logging.dart",
    "7": [
      {
        "1": "zone.template.dart",
        "4": "i0"
      }
    ]
  },
  "type": {
    "log": {
      "class": "Identifier",
      "name": "log",
      "moduleUrl": "asset:angular2/lib/src/transform/common/logging.dart",
      "prefix": null,
      "value": null
    },
    "logElapsedAsync": {
      "class": "Identifier",
      "name": "logElapsedAsync",
      "moduleUrl": "asset:angular2/lib/src/transform/common/logging.dart",
      "prefix": null,
      "value": null
    },
    "logElapsedSync": {
      "class": "Identifier",
      "name": "logElapsedSync",
      "moduleUrl": "asset:angular2/lib/src/transform/common/logging.dart",
      "prefix": null,
      "value": null
    },
    "_logElapsed": {
      "class": "Identifier",
      "name": "_logElapsed",
      "moduleUrl": "asset:angular2/lib/src/transform/common/logging.dart",
      "prefix": null,
      "value": null
    },
    "SinkLogger": {
      "class": "Identifier",
      "name": "SinkLogger",
      "moduleUrl": "asset:angular2/lib/src/transform/common/logging.dart",
      "prefix": null,
      "value": null
    },
    "PrintLogger": {
      "class": "Identifier",
      "name": "PrintLogger",
      "moduleUrl": "asset:angular2/lib/src/transform/common/logging.dart",
      "prefix": null,
      "value": null
    },
    "DeduppingLogger": {
      "class": "Identifier",
      "name": "DeduppingLogger",
      "moduleUrl": "asset:angular2/lib/src/transform/common/logging.dart",
      "prefix": null,
      "value": null
    },
    "PrintLoggerError": {
      "class": "Identifier",
      "name": "PrintLoggerError",
      "moduleUrl": "asset:angular2/lib/src/transform/common/logging.dart",
      "prefix": null,
      "value": null
    }
  },
  "alias": {}
}