{
  "ngDeps": {
    "1": "",
    "3": [
      {
        "1": "package:angular2/src/compiler/compile_metadata.dart",
        "5": false
      },
      {
        "1": "logging.dart",
        "5": false
      },
      {
        "1": "model/ng_deps_model.pb.dart",
        "5": false
      },
      {
        "1": "url_resolver.dart",
        "2": [
          "isDartCoreUri"
        ],
        "5": false
      }
    ],
    "6": "ng_meta.dart",
    "7": [
      {
        "1": "package:angular2/src/compiler/compile_metadata.template.dart",
        "4": "i0"
      },
      {
        "1": "logging.template.dart",
        "4": "i1"
      },
      {
        "1": "model/ng_deps_model.pb.template.dart",
        "4": "i2"
      },
      {
        "1": "url_resolver.template.dart",
        "4": "i3"
      }
    ]
  },
  "type": {
    "NgMeta": {
      "class": "Identifier",
      "name": "NgMeta",
      "moduleUrl": "asset:angular2/lib/src/transform/common/ng_meta.dart",
      "prefix": null,
      "value": null
    }
  },
  "alias": {}
}