{
  "ngDeps": {
    "1": "",
    "3": [
      {
        "1": "dart:io",
        "5": false
      },
      {
        "1": "package:barback/barback.dart",
        "5": false
      },
      {
        "1": "./url_resolver.dart",
        "5": false
      },
      {
        "1": "annotation_matcher.dart",
        "5": false
      },
      {
        "1": "mirror_mode.dart",
        "5": false
      },
      {
        "1": "options.dart",
        "5": false
      }
    ],
    "6": "options_reader.dart",
    "7": [
      {
        "1": "./url_resolver.template.dart",
        "4": "i0"
      },
      {
        "1": "annotation_matcher.template.dart",
        "4": "i1"
      },
      {
        "1": "mirror_mode.template.dart",
        "4": "i2"
      },
      {
        "1": "options.template.dart",
        "4": "i3"
      }
    ]
  },
  "type": {
    "CUSTOM_ANNOTATIONS_ERROR": {
      "class": "Identifier",
      "name": "CUSTOM_ANNOTATIONS_ERROR",
      "moduleUrl": "asset:angular2/lib/src/transform/common/options_reader.dart",
      "prefix": null,
      "value": null
    },
    "parseBarbackSettings": {
      "class": "Identifier",
      "name": "parseBarbackSettings",
      "moduleUrl": "asset:angular2/lib/src/transform/common/options_reader.dart",
      "prefix": null,
      "value": null
    },
    "_checkEntryPointsExist": {
      "class": "Identifier",
      "name": "_checkEntryPointsExist",
      "moduleUrl": "asset:angular2/lib/src/transform/common/options_reader.dart",
      "prefix": null,
      "value": null
    },
    "_readBool": {
      "class": "Identifier",
      "name": "_readBool",
      "moduleUrl": "asset:angular2/lib/src/transform/common/options_reader.dart",
      "prefix": null,
      "value": null
    },
    "_readAssetId": {
      "class": "Identifier",
      "name": "_readAssetId",
      "moduleUrl": "asset:angular2/lib/src/transform/common/options_reader.dart",
      "prefix": null,
      "value": null
    },
    "_readStringList": {
      "class": "Identifier",
      "name": "_readStringList",
      "moduleUrl": "asset:angular2/lib/src/transform/common/options_reader.dart",
      "prefix": null,
      "value": null
    },
    "_readCustomAnnotations": {
      "class": "Identifier",
      "name": "_readCustomAnnotations",
      "moduleUrl": "asset:angular2/lib/src/transform/common/options_reader.dart",
      "prefix": null,
      "value": null
    }
  },
  "alias": {}
}