{
  "ngDeps": {
    "1": "",
    "3": [
      {
        "1": "dart:async",
        "5": false
      },
      {
        "1": "package:angular2/src/compiler/xhr.dart",
        "2": [
          "XHR"
        ],
        "5": false
      },
      {
        "1": "package:angular2/src/transform/common/asset_reader.dart",
        "5": false
      },
      {
        "1": "package:angular2/src/transform/common/logging.dart",
        "5": false
      },
      {
        "1": "package:angular2/src/transform/common/url_resolver.dart",
        "5": false
      }
    ],
    "6": "xhr_impl.dart"
  },
  "type": {
    "XhrImpl": {
      "class": "Identifier",
      "name": "XhrImpl",
      "moduleUrl": "asset:angular2/lib/src/transform/common/xhr_impl.dart",
      "prefix": null,
      "value": null
    }
  },
  "alias": {}
}