{
  "ngDeps": {
    "1": "",
    "3": [
      {
        "1": "dart:async",
        "5": false
      },
      {
        "1": "package:analyzer/analyzer.dart",
        "5": false
      },
      {
        "1": "package:angular2/src/compiler/offline_compiler.dart",
        "5": false
      },
      {
        "1": "package:barback/barback.dart",
        "5": false
      },
      {
        "1": "package:source_span/source_span.dart",
        "5": false
      }
    ],
    "6": "zone.dart",
    "7": [
      {
        "1": "package:angular2/src/compiler/offline_compiler.template.dart",
        "4": "i0"
      }
    ]
  },
  "type": {
    "_SimpleCallback": {
      "class": "Identifier",
      "name": "_SimpleCallback",
      "moduleUrl": "asset:angular2/lib/src/transform/common/zone.dart",
      "prefix": null,
      "value": null
    },
    "exec": {
      "class": "Identifier",
      "name": "exec",
      "moduleUrl": "asset:angular2/lib/src/transform/common/zone.dart",
      "prefix": null,
      "value": null
    },
    "log": {
      "class": "Identifier",
      "name": "log",
      "moduleUrl": "asset:angular2/lib/src/transform/common/zone.dart",
      "prefix": null,
      "value": null
    },
    "templateCompiler": {
      "class": "Identifier",
      "name": "templateCompiler",
      "moduleUrl": "asset:angular2/lib/src/transform/common/zone.dart",
      "prefix": null,
      "value": null
    },
    "_friendlyError": {
      "class": "Identifier",
      "name": "_friendlyError",
      "moduleUrl": "asset:angular2/lib/src/transform/common/zone.dart",
      "prefix": null,
      "value": null
    }
  },
  "alias": {}
}