{
  "ngDeps": {
    "1": "angular2.platform.common_dom",
    "4": [
      {
        "1": "package:angular2/src/core/render/api.dart",
        "2": [
          "sharedStylesHost"
        ]
      },
      {
        "1": "package:angular2/src/platform/dom/dom_adapter.dart",
        "2": [
          "DOM",
          "setRootDomAdapter",
          "DomAdapter"
        ]
      },
      {
        "1": "package:angular2/src/platform/dom/dom_tokens.dart",
        "2": [
          "DOCUMENT"
        ]
      },
      {
        "1": "package:angular2/src/platform/dom/events/dom_events.dart",
        "2": [
          "DomEventsPlugin"
        ]
      },
      {
        "1": "package:angular2/src/platform/dom/events/event_manager.dart",
        "2": [
          "EVENT_MANAGER_PLUGINS",
          "EventManager",
          "EventManagerPlugin"
        ]
      }
    ],
    "6": "common_dom.dart"
  },
  "type": {},
  "alias": {}
}