{
  "ngDeps": {
    "1": "",
    "3": [
      {
        "1": "package:angular2/src/facade/async.dart",
        "2": [
          "EventEmitter"
        ],
        "5": false
      },
      {
        "1": "ng_zone_impl.dart",
        "2": [
          "NgZoneImpl",
          "NgZoneError"
        ],
        "5": false
      }
    ],
    "4": [
      {
        "1": "ng_zone_impl.dart",
        "2": [
          "NgZoneError"
        ]
      }
    ],
    "6": "ng_zone.dart"
  },
  "type": {
    "NgZone": {
      "class": "Identifier",
      "name": "NgZone",
      "moduleUrl": "asset:angular2/lib/src/core/zone/ng_zone.dart",
      "prefix": null,
      "value": null
    }
  },
  "alias": {}
}