{
  "ngDeps": {
    "1": "",
    "3": [
      {
        "1": "dart:async",
        "5": false
      },
      {
        "1": "package:stack_trace/stack_trace.dart",
        "5": false
      }
    ],
    "6": "ng_zone_impl.dart"
  },
  "type": {
    "ZeroArgFunction": {
      "class": "Identifier",
      "name": "ZeroArgFunction",
      "moduleUrl": "asset:angular2/lib/src/core/zone/ng_zone_impl.dart",
      "prefix": null,
      "value": null
    },
    "ErrorHandlingFn": {
      "class": "Identifier",
      "name": "ErrorHandlingFn",
      "moduleUrl": "asset:angular2/lib/src/core/zone/ng_zone_impl.dart",
      "prefix": null,
      "value": null
    },
    "WrappedTimer": {
      "class": "Identifier",
      "name": "WrappedTimer",
      "moduleUrl": "asset:angular2/lib/src/core/zone/ng_zone_impl.dart",
      "prefix": null,
      "value": null
    },
    "NgZoneError": {
      "class": "Identifier",
      "name": "NgZoneError",
      "moduleUrl": "asset:angular2/lib/src/core/zone/ng_zone_impl.dart",
      "prefix": null,
      "value": null
    },
    "NgZoneImpl": {
      "class": "Identifier",
      "name": "NgZoneImpl",
      "moduleUrl": "asset:angular2/lib/src/core/zone/ng_zone_impl.dart",
      "prefix": null,
      "value": null
    }
  },
  "alias": {}
}