{
  "ngDeps": {
    "1": "",
    "3": [
      {
        "1": "package:angular2/src/facade/lang.dart",
        "5": false
      },
      {
        "1": "platform_reflection_capabilities.dart",
        "5": false
      },
      {
        "1": "reflector.dart",
        "5": false
      },
      {
        "1": "types.dart",
        "5": false
      }
    ],
    "4": [
      {
        "1": "reflector.dart"
      }
    ],
    "6": "reflection.dart"
  },
  "type": {
    "NoReflectionCapabilities": {
      "class": "Identifier",
      "name": "NoReflectionCapabilities",
      "moduleUrl": "asset:angular2/lib/src/core/reflection/reflection.dart",
      "prefix": null,
      "value": null
    },
    "NoReflectionCapabilitiesError": {
      "class": "Identifier",
      "name": "NoReflectionCapabilitiesError",
      "moduleUrl": "asset:angular2/lib/src/core/reflection/reflection.dart",
      "prefix": null,
      "value": null
    }
  },
  "alias": {}
}