{
  "ngDeps": {
    "1": "",
    "3": [
      {
        "1": "package:angular2/src/core/di.dart",
        "2": [
          "Injectable"
        ],
        "5": false
      },
      {
        "1": "package:angular2/src/core/zone/ng_zone.dart",
        "2": [
          "NgZone"
        ],
        "5": false
      },
      {
        "1": "package:angular2/src/facade/async.dart",
        "2": [
          "EventEmitter"
        ],
        "5": false
      }
    ],
    "5": [
      {
        "1": "MockNgZone",
        "4": [
          {
            "1": "Injectable",
            "4": false
          }
        ]
      }
    ],
    "6": "ng_zone_mock.dart"
  },
  "type": {
    "MockNgZone": {
      "class": "Type",
      "name": "MockNgZone",
      "moduleUrl": "asset:angular2/lib/src/mock/ng_zone_mock.dart",
      "prefix": null,
      "isHost": false,
      "value": null,
      "diDeps": []
    }
  },
  "alias": {}
}