{
  "ngDeps": {
    "1": "",
    "3": [
      {
        "1": "package:angular2/src/facade/exceptions.dart",
        "2": [
          "BaseException"
        ],
        "5": false
      },
      {
        "1": "../compile_metadata.dart",
        "2": [
          "CompileIdentifierMetadata"
        ],
        "5": false
      },
      {
        "1": "abstract_emitter.dart",
        "2": [
          "OutputEmitter",
          "EmitterVisitorContext",
          "AbstractEmitterVisitor",
          "CATCH_ERROR_VAR",
          "CATCH_STACK_VAR"
        ],
        "5": false
      },
      {
        "1": "output_ast.dart",
        "4": "o",
        "5": false
      },
      {
        "1": "path_util.dart",
        "2": [
          "getImportModulePath"
        ],
        "5": false
      }
    ],
    "6": "dart_emitter.dart"
  },
  "type": {
    "debugOutputAstAsDart": {
      "class": "Identifier",
      "name": "debugOutputAstAsDart",
      "moduleUrl": "asset:angular2/lib/src/compiler/output/dart_emitter.dart",
      "prefix": null,
      "value": null
    },
    "DartEmitter": {
      "class": "Identifier",
      "name": "DartEmitter",
      "moduleUrl": "asset:angular2/lib/src/compiler/output/dart_emitter.dart",
      "prefix": null,
      "value": null
    },
    "_DartEmitterVisitor": {
      "class": "Identifier",
      "name": "_DartEmitterVisitor",
      "moduleUrl": "asset:angular2/lib/src/compiler/output/dart_emitter.dart",
      "prefix": null,
      "value": null
    },
    "getSuperConstructorCallExpr": {
      "class": "Identifier",
      "name": "getSuperConstructorCallExpr",
      "moduleUrl": "asset:angular2/lib/src/compiler/output/dart_emitter.dart",
      "prefix": null,
      "value": null
    },
    "isConstType": {
      "class": "Identifier",
      "name": "isConstType",
      "moduleUrl": "asset:angular2/lib/src/compiler/output/dart_emitter.dart",
      "prefix": null,
      "value": null
    }
  },
  "alias": {}
}