{
  "ngDeps": {
    "1": "",
    "3": [
      {
        "1": "package:angular2/src/transform/common/names.dart",
        "5": false
      },
      {
        "1": "package:barback/barback.dart",
        "5": false
      },
      {
        "1": "package:path/path.dart",
        "4": "path",
        "5": false
      }
    ],
    "6": "codegen.dart",
    "7": [
      {
        "1": "package:angular2/src/transform/common/names.template.dart",
        "4": "i0"
      }
    ]
  },
  "type": {
    "Codegen": {
      "class": "Identifier",
      "name": "Codegen",
      "moduleUrl": "asset:angular2/lib/src/transform/reflection_remover/codegen.dart",
      "prefix": null,
      "value": null
    }
  },
  "alias": {}
}