{
  "ngDeps": {
    "1": "",
    "3": [
      {
        "1": "package:analyzer/analyzer.dart",
        "5": false
      },
      {
        "1": "package:angular2/src/transform/common/annotation_matcher.dart",
        "5": false
      },
      {
        "1": "package:angular2/src/transform/common/naive_eval.dart",
        "5": false
      },
      {
        "1": "package:barback/barback.dart",
        "5": false
      }
    ],
    "6": "entrypoint_matcher.dart",
    "7": [
      {
        "1": "package:angular2/src/transform/common/annotation_matcher.template.dart",
        "4": "i0"
      },
      {
        "1": "package:angular2/src/transform/common/naive_eval.template.dart",
        "4": "i1"
      }
    ]
  },
  "type": {
    "_defaultEntrypointName": {
      "class": "Identifier",
      "name": "_defaultEntrypointName",
      "moduleUrl": "asset:angular2/lib/src/transform/reflection_remover/entrypoint_matcher.dart",
      "prefix": null,
      "value": null
    },
    "EntrypointMatcher": {
      "class": "Identifier",
      "name": "EntrypointMatcher",
      "moduleUrl": "asset:angular2/lib/src/transform/reflection_remover/entrypoint_matcher.dart",
      "prefix": null,
      "value": null
    }
  },
  "alias": {}
}