{
  "ngDeps": {
    "1": "",
    "3": [
      {
        "1": "dart:async",
        "5": false
      },
      {
        "1": "package:analyzer/analyzer.dart",
        "5": false
      },
      {
        "1": "package:angular2/src/transform/common/annotation_matcher.dart",
        "5": false
      },
      {
        "1": "package:angular2/src/transform/common/asset_reader.dart",
        "5": false
      },
      {
        "1": "package:angular2/src/transform/common/mirror_mode.dart",
        "5": false
      },
      {
        "1": "package:barback/barback.dart",
        "5": false
      },
      {
        "1": "codegen.dart",
        "5": false
      },
      {
        "1": "entrypoint_matcher.dart",
        "5": false
      },
      {
        "1": "rewriter.dart",
        "5": false
      }
    ],
    "6": "remove_reflection_capabilities.dart"
  },
  "type": {
    "removeReflectionCapabilities": {
      "class": "Identifier",
      "name": "removeReflectionCapabilities",
      "moduleUrl": "asset:angular2/lib/src/transform/reflection_remover/remove_reflection_capabilities.dart",
      "prefix": null,
      "value": null
    }
  },
  "alias": {}
}