{
  "ngDeps": {
    "1": "",
    "3": [
      {
        "1": "dart:io",
        "5": false
      },
      {
        "1": "package:angular2/platform/common_dom.dart",
        "5": false
      },
      {
        "1": "package:html/dom.dart",
        "5": false
      },
      {
        "1": "abstract_html_adapter.dart",
        "5": false
      }
    ],
    "6": "html_adapter.dart"
  },
  "type": {
    "Html5LibDomAdapter": {
      "class": "Identifier",
      "name": "Html5LibDomAdapter",
      "moduleUrl": "asset:angular2/lib/src/platform/server/html_adapter.dart",
      "prefix": null,
      "value": null
    }
  },
  "alias": {}
}