{
  "ngDeps": {
    "1": "",
    "3": [
      {
        "1": "package:angular2/src/core/di.dart",
        "2": [
          "Provider",
          "SkipSelf",
          "Optional"
        ],
        "5": false
      },
      {
        "1": "package:angular2/src/facade/exceptions.dart",
        "2": [
          "BaseException"
        ],
        "5": false
      },
      {
        "1": "../change_detector_ref.dart",
        "2": [
          "ChangeDetectorRef"
        ],
        "5": false
      }
    ],
    "6": "iterable_differs.dart"
  },
  "type": {
    "TrackByFn": {
      "class": "Identifier",
      "name": "TrackByFn",
      "moduleUrl": "asset:angular2/lib/src/core/change_detection/differs/iterable_differs.dart",
      "prefix": null,
      "value": null
    },
    "IterableDiffer": {
      "class": "Identifier",
      "name": "IterableDiffer",
      "moduleUrl": "asset:angular2/lib/src/core/change_detection/differs/iterable_differs.dart",
      "prefix": null,
      "value": null
    },
    "IterableDifferFactory": {
      "class": "Identifier",
      "name": "IterableDifferFactory",
      "moduleUrl": "asset:angular2/lib/src/core/change_detection/differs/iterable_differs.dart",
      "prefix": null,
      "value": null
    },
    "IterableDiffers": {
      "class": "Identifier",
      "name": "IterableDiffers",
      "moduleUrl": "asset:angular2/lib/src/core/change_detection/differs/iterable_differs.dart",
      "prefix": null,
      "value": null
    }
  },
  "alias": {}
}