{
  "ngDeps": {
    "1": "",
    "3": [
      {
        "1": "package:angular2/src/core/di.dart",
        "2": [
          "Provider",
          "SkipSelf",
          "Optional"
        ],
        "5": false
      },
      {
        "1": "package:angular2/src/facade/exceptions.dart",
        "2": [
          "BaseException"
        ],
        "5": false
      },
      {
        "1": "../change_detector_ref.dart",
        "2": [
          "ChangeDetectorRef"
        ],
        "5": false
      }
    ],
    "6": "keyvalue_differs.dart"
  },
  "type": {
    "KeyValueDiffer": {
      "class": "Identifier",
      "name": "KeyValueDiffer",
      "moduleUrl": "asset:angular2/lib/src/core/change_detection/differs/keyvalue_differs.dart",
      "prefix": null,
      "value": null
    },
    "KeyValueDifferFactory": {
      "class": "Identifier",
      "name": "KeyValueDifferFactory",
      "moduleUrl": "asset:angular2/lib/src/core/change_detection/differs/keyvalue_differs.dart",
      "prefix": null,
      "value": null
    },
    "KeyValueDiffers": {
      "class": "Identifier",
      "name": "KeyValueDiffers",
      "moduleUrl": "asset:angular2/lib/src/core/change_detection/differs/keyvalue_differs.dart",
      "prefix": null,
      "value": null
    }
  },
  "alias": {}
}