{
  "ngDeps": {
    "1": "",
    "3": [
      {
        "1": "package:angular2/src/core/di.dart",
        "2": [
          "OpaqueToken"
        ],
        "5": false
      }
    ],
    "6": "dom_tokens.dart",
    "7": [
      {
        "1": "package:angular2/src/core/di.template.dart",
        "4": "i0"
      }
    ]
  },
  "type": {
    "DOCUMENT": {
      "class": "Identifier",
      "name": "DOCUMENT",
      "moduleUrl": "asset:angular2/lib/src/platform/dom/dom_tokens.dart",
      "prefix": null,
      "value": null
    }
  },
  "alias": {}
}