{
  "ngDeps": {
    "1": "",
    "3": [
      {
        "1": "dart:html",
        "5": false
      },
      {
        "1": "package:angular2/src/core/render/api.dart",
        "5": false
      }
    ],
    "6": "shared_styles_host.dart",
    "7": [
      {
        "1": "package:angular2/src/core/render/api.template.dart",
        "4": "i0"
      }
    ]
  },
  "type": {
    "DomSharedStylesHost": {
      "class": "Identifier",
      "name": "DomSharedStylesHost",
      "moduleUrl": "asset:angular2/lib/src/platform/dom/shared_styles_host.dart",
      "prefix": null,
      "value": null
    }
  },
  "alias": {}
}