{
  "ngDeps": {
    "1": "",
    "3": [
      {
        "1": "dart:html",
        "5": false
      },
      {
        "1": "package:angular2/src/core/change_detection/change_detection.dart",
        "2": [
          "ChangeDetectorRef",
          "ChangeDetectionStrategy",
          "ChangeDetectorState"
        ],
        "5": false
      },
      {
        "1": "package:angular2/src/core/di.dart",
        "2": [
          "Injector"
        ],
        "5": false
      },
      {
        "1": "package:angular2/src/core/metadata/view.dart",
        "2": [
          "ViewEncapsulation"
        ],
        "5": false
      },
      {
        "1": "package:angular2/src/core/render/api.dart",
        "5": false
      },
      {
        "1": "package:angular2/src/platform/dom/shared_styles_host.dart",
        "5": false
      },
      {
        "1": "view_container.dart",
        "5": false
      },
      {
        "1": "app_view_utils.dart",
        "5": false
      },
      {
        "1": "element_injector.dart",
        "2": [
          "ElementInjector"
        ],
        "5": false
      },
      {
        "1": "exceptions.dart",
        "2": [
          "ViewDestroyedException"
        ],
        "5": false
      },
      {
        "1": "view_ref.dart",
        "2": [
          "ViewRefImpl"
        ],
        "5": false
      },
      {
        "1": "view_type.dart",
        "2": [
          "ViewType"
        ],
        "5": false
      },
      {
        "1": "dart:js_util",
        "4": "js_util",
        "5": false
      }
    ],
    "4": [
      {
        "1": "package:angular2/src/core/change_detection/component_state.dart"
      }
    ],
    "6": "app_view.dart"
  },
  "type": {
    "EMPTY_CONTEXT": {
      "class": "Identifier",
      "name": "EMPTY_CONTEXT",
      "moduleUrl": "asset:angular2/lib/src/core/linker/app_view.dart",
      "prefix": null,
      "value": null
    },
    "AppView": {
      "class": "Identifier",
      "name": "AppView",
      "moduleUrl": "asset:angular2/lib/src/core/linker/app_view.dart",
      "prefix": null,
      "value": null
    },
    "_findLastRenderNode": {
      "class": "Identifier",
      "name": "_findLastRenderNode",
      "moduleUrl": "asset:angular2/lib/src/core/linker/app_view.dart",
      "prefix": null,
      "value": null
    },
    "_appendNestedViewRenderNodes": {
      "class": "Identifier",
      "name": "_appendNestedViewRenderNodes",
      "moduleUrl": "asset:angular2/lib/src/core/linker/app_view.dart",
      "prefix": null,
      "value": null
    },
    "_flattenNestedViews": {
      "class": "Identifier",
      "name": "_flattenNestedViews",
      "moduleUrl": "asset:angular2/lib/src/core/linker/app_view.dart",
      "prefix": null,
      "value": null
    },
    "_flattenNestedViewRenderNodes": {
      "class": "Identifier",
      "name": "_flattenNestedViewRenderNodes",
      "moduleUrl": "asset:angular2/lib/src/core/linker/app_view.dart",
      "prefix": null,
      "value": null
    },
    "moveNodesAfterSibling": {
      "class": "Identifier",
      "name": "moveNodesAfterSibling",
      "moduleUrl": "asset:angular2/lib/src/core/linker/app_view.dart",
      "prefix": null,
      "value": null
    }
  },
  "alias": {}
}