{
  "ngDeps": {
    "1": "",
    "3": [
      {
        "1": "dart:html",
        "5": false
      },
      {
        "1": "package:angular2/src/core/di.dart",
        "2": [
          "Injector"
        ],
        "5": false
      },
      {
        "1": "package:angular2/src/core/reflection/reflection.dart",
        "2": [
          "reflector"
        ],
        "5": false
      },
      {
        "1": "../change_detection/change_detection.dart",
        "2": [
          "ChangeDetectorRef"
        ],
        "5": false
      },
      {
        "1": "view_container.dart",
        "5": false
      },
      {
        "1": "app_view.dart",
        "5": false
      },
      {
        "1": "app_view_utils.dart",
        "2": [
          "OnDestroyCallback"
        ],
        "5": false
      },
      {
        "1": "element_ref.dart",
        "2": [
          "ElementRef"
        ],
        "5": false
      },
      {
        "1": "view_ref.dart",
        "2": [
          "ViewRef"
        ],
        "5": false
      }
    ],
    "6": "component_factory.dart"
  },
  "type": {
    "NgViewFactory": {
      "class": "Identifier",
      "name": "NgViewFactory",
      "moduleUrl": "asset:angular2/lib/src/core/linker/component_factory.dart",
      "prefix": null,
      "value": null
    },
    "ComponentRef": {
      "class": "Identifier",
      "name": "ComponentRef",
      "moduleUrl": "asset:angular2/lib/src/core/linker/component_factory.dart",
      "prefix": null,
      "value": null
    },
    "ComponentRefImpl": {
      "class": "Identifier",
      "name": "ComponentRefImpl",
      "moduleUrl": "asset:angular2/lib/src/core/linker/component_factory.dart",
      "prefix": null,
      "value": null
    },
    "ComponentFactory": {
      "class": "Identifier",
      "name": "ComponentFactory",
      "moduleUrl": "asset:angular2/lib/src/core/linker/component_factory.dart",
      "prefix": null,
      "value": null
    }
  },
  "alias": {}
}