{
  "ngDeps": {
    "1": "",
    "3": [
      {
        "1": "package:angular2/src/core/di/injector.dart",
        "2": [
          "Injector",
          "THROW_IF_NOT_FOUND"
        ],
        "5": false
      },
      {
        "1": "app_view.dart",
        "5": false
      }
    ],
    "6": "element_injector.dart"
  },
  "type": {
    "_UNDEFINED": {
      "class": "Identifier",
      "name": "_UNDEFINED",
      "moduleUrl": "asset:angular2/lib/src/core/linker/element_injector.dart",
      "prefix": null,
      "value": null
    },
    "ElementInjector": {
      "class": "Identifier",
      "name": "ElementInjector",
      "moduleUrl": "asset:angular2/lib/src/core/linker/element_injector.dart",
      "prefix": null,
      "value": null
    }
  },
  "alias": {}
}