{
  "ngDeps": {
    "1": "",
    "3": [
      {
        "1": "package:angular2/src/facade/exceptions.dart",
        "2": [
          "BaseException",
          "WrappedException"
        ],
        "5": false
      }
    ],
    "6": "exceptions.dart",
    "7": [
      {
        "1": "package:angular2/src/facade/exceptions.template.dart",
        "4": "i0"
      }
    ]
  },
  "type": {
    "ExpressionChangedAfterItHasBeenCheckedException": {
      "class": "Identifier",
      "name": "ExpressionChangedAfterItHasBeenCheckedException",
      "moduleUrl": "asset:angular2/lib/src/core/linker/exceptions.dart",
      "prefix": null,
      "value": null
    },
    "ViewWrappedException": {
      "class": "Identifier",
      "name": "ViewWrappedException",
      "moduleUrl": "asset:angular2/lib/src/core/linker/exceptions.dart",
      "prefix": null,
      "value": null
    },
    "ViewDestroyedException": {
      "class": "Identifier",
      "name": "ViewDestroyedException",
      "moduleUrl": "asset:angular2/lib/src/core/linker/exceptions.dart",
      "prefix": null,
      "value": null
    }
  },
  "alias": {}
}