{
  "ngDeps": {
    "1": "",
    "3": [
      {
        "1": "package:angular2/src/facade/exceptions.dart",
        "2": [
          "BaseException"
        ],
        "5": false
      },
      {
        "1": "../di/injector.dart",
        "2": [
          "Injector",
          "THROW_IF_NOT_FOUND"
        ],
        "5": false
      }
    ],
    "6": "injector_factory.dart"
  },
  "type": {
    "_UNDEFINED": {
      "class": "Identifier",
      "name": "_UNDEFINED",
      "moduleUrl": "asset:angular2/lib/src/core/linker/injector_factory.dart",
      "prefix": null,
      "value": null
    },
    "CodegenInjector": {
      "class": "Identifier",
      "name": "CodegenInjector",
      "moduleUrl": "asset:angular2/lib/src/core/linker/injector_factory.dart",
      "prefix": null,
      "value": null
    },
    "CodegenInjectorFactory": {
      "class": "Identifier",
      "name": "CodegenInjectorFactory",
      "moduleUrl": "asset:angular2/lib/src/core/linker/injector_factory.dart",
      "prefix": null,
      "value": null
    }
  },
  "alias": {}
}