{
  "ngDeps": {
    "1": "",
    "3": [
      {
        "1": "dart:collection",
        "5": false
      },
      {
        "1": "package:angular2/src/facade/async.dart",
        "5": false
      }
    ],
    "6": "query_list.dart",
    "7": [
      {
        "1": "package:angular2/src/facade/async.template.dart",
        "4": "i0"
      }
    ]
  },
  "type": {
    "QueryList": {
      "class": "Identifier",
      "name": "QueryList",
      "moduleUrl": "asset:angular2/lib/src/core/linker/query_list.dart",
      "prefix": null,
      "value": null
    },
    "_flattenList": {
      "class": "Identifier",
      "name": "_flattenList",
      "moduleUrl": "asset:angular2/lib/src/core/linker/query_list.dart",
      "prefix": null,
      "value": null
    }
  },
  "alias": {}
}