{
  "ngDeps": {
    "1": "",
    "3": [
      {
        "1": "view_container.dart",
        "5": false
      },
      {
        "1": "app_view.dart",
        "5": false
      },
      {
        "1": "element_ref.dart",
        "5": false
      },
      {
        "1": "view_ref.dart",
        "2": [
          "EmbeddedViewRef"
        ],
        "5": false
      }
    ],
    "6": "template_ref.dart"
  },
  "type": {
    "TemplateRef": {
      "class": "Identifier",
      "name": "TemplateRef",
      "moduleUrl": "asset:angular2/lib/src/core/linker/template_ref.dart",
      "prefix": null,
      "value": null
    }
  },
  "alias": {}
}