{
  "ngDeps": {
    "1": "",
    "3": [
      {
        "1": "view_container.dart",
        "5": false
      },
      {
        "1": "app_view.dart",
        "5": false
      },
      {
        "1": "element_ref.dart",
        "5": false
      },
      {
        "1": "view_ref.dart",
        "2": [
          "EmbeddedViewRef"
        ],
        "5": false
      }
    ],
    "6": "template_ref.dart",
    "7": [
      {
        "1": "view_container.template.dart",
        "4": "i0"
      },
      {
        "1": "app_view.template.dart",
        "4": "i1"
      },
      {
        "1": "element_ref.template.dart",
        "4": "i2"
      },
      {
        "1": "view_ref.template.dart",
        "4": "i3"
      }
    ]
  },
  "type": {
    "TemplateRef": {
      "class": "Identifier",
      "name": "TemplateRef",
      "moduleUrl": "asset:angular2/lib/src/core/linker/template_ref.dart",
      "prefix": null,
      "value": null
    }
  },
  "alias": {}
}