{
  "ngDeps": {
    "1": "",
    "3": [
      {
        "1": "package:angular2/src/core/di.dart",
        "2": [
          "Injector"
        ],
        "5": false
      },
      {
        "1": "package:angular2/src/facade/exceptions.dart",
        "2": [
          "BaseException"
        ],
        "5": false
      },
      {
        "1": "app_view.dart",
        "5": false
      },
      {
        "1": "component_factory.dart",
        "2": [
          "ComponentFactory",
          "ComponentRef"
        ],
        "5": false
      },
      {
        "1": "element_ref.dart",
        "5": false
      },
      {
        "1": "template_ref.dart",
        "5": false
      },
      {
        "1": "view_container_ref.dart",
        "5": false
      },
      {
        "1": "view_type.dart",
        "5": false
      },
      {
        "1": "view_ref.dart",
        "2": [
          "EmbeddedViewRef",
          "ViewRef",
          "ViewRefImpl"
        ],
        "5": false
      }
    ],
    "6": "view_container.dart",
    "7": [
      {
        "1": "package:angular2/src/core/di.template.dart",
        "4": "i0"
      },
      {
        "1": "package:angular2/src/facade/exceptions.template.dart",
        "4": "i1"
      },
      {
        "1": "app_view.template.dart",
        "4": "i2"
      },
      {
        "1": "component_factory.template.dart",
        "4": "i3"
      },
      {
        "1": "element_ref.template.dart",
        "4": "i4"
      },
      {
        "1": "template_ref.template.dart",
        "4": "i5"
      },
      {
        "1": "view_container_ref.template.dart",
        "4": "i6"
      },
      {
        "1": "view_type.template.dart",
        "4": "i7"
      },
      {
        "1": "view_ref.template.dart",
        "4": "i8"
      }
    ]
  },
  "type": {
    "ViewContainer": {
      "class": "Identifier",
      "name": "ViewContainer",
      "moduleUrl": "asset:angular2/lib/src/core/linker/view_container.dart",
      "prefix": null,
      "value": null
    }
  },
  "alias": {}
}