{
  "ngDeps": {
    "1": "",
    "3": [
      {
        "1": "package:angular2/src/core/change_detection/constants.dart",
        "2": [
          "ChangeDetectionStrategy"
        ],
        "5": false
      },
      {
        "1": "package:angular2/src/core/linker/app_view_utils.dart",
        "5": false
      },
      {
        "1": "../change_detection/change_detector_ref.dart",
        "2": [
          "ChangeDetectorRef"
        ],
        "5": false
      },
      {
        "1": "app_view.dart",
        "2": [
          "AppView"
        ],
        "5": false
      }
    ],
    "6": "view_ref.dart"
  },
  "type": {
    "ViewRef": {
      "class": "Identifier",
      "name": "ViewRef",
      "moduleUrl": "asset:angular2/lib/src/core/linker/view_ref.dart",
      "prefix": null,
      "value": null
    },
    "EmbeddedViewRef": {
      "class": "Identifier",
      "name": "EmbeddedViewRef",
      "moduleUrl": "asset:angular2/lib/src/core/linker/view_ref.dart",
      "prefix": null,
      "value": null
    },
    "ViewRefImpl": {
      "class": "Identifier",
      "name": "ViewRefImpl",
      "moduleUrl": "asset:angular2/lib/src/core/linker/view_ref.dart",
      "prefix": null,
      "value": null
    }
  },
  "alias": {}
}