{
  "ngDeps": {
    "1": "",
    "3": [
      {
        "1": "package:angular2/src/core/di.dart",
        "2": [
          "Injector"
        ],
        "5": false
      },
      {
        "1": "package:angular2/src/core/linker/view_type.dart",
        "5": false
      },
      {
        "1": "package:angular2/src/core/render/api.dart",
        "2": [
          "RenderDebugInfo"
        ],
        "5": false
      },
      {
        "1": "package:angular2/src/debug/debug_app_view.dart",
        "5": false
      }
    ],
    "6": "debug_context.dart",
    "7": [
      {
        "1": "package:angular2/src/core/di.template.dart",
        "4": "i0"
      },
      {
        "1": "package:angular2/src/core/linker/view_type.template.dart",
        "4": "i1"
      },
      {
        "1": "package:angular2/src/core/render/api.template.dart",
        "4": "i2"
      },
      {
        "1": "package:angular2/src/debug/debug_app_view.template.dart",
        "4": "i3"
      }
    ]
  },
  "type": {
    "StaticNodeDebugInfo": {
      "class": "Identifier",
      "name": "StaticNodeDebugInfo",
      "moduleUrl": "asset:angular2/lib/src/debug/debug_context.dart",
      "prefix": null,
      "value": null
    },
    "DebugContext": {
      "class": "Identifier",
      "name": "DebugContext",
      "moduleUrl": "asset:angular2/lib/src/debug/debug_context.dart",
      "prefix": null,
      "value": null
    }
  },
  "alias": {
    "_EMPTY_DEBUG_PROVIDERS": []
  }
}